"entity","area","field_token_base"
"map/azit/azit00","azit","azit00"
"map/azit/azit03","azit","azit03"
"map/azit/azit04","azit","azit04"
"map/azit/azit05","azit","azit05"
"map/azit/azit06","azit","azit06"
"map/azit/azit07","azit","azit07"
"map/bika/bika00","bika","bika00"
"map/bika/bika01","bika","bika01"
"map/bika/bika02","bika","bika02"
"map/bika/bika03","bika","bika03"
"map/bika/bika04","bika","bika04"
"map/bjyt/bjyt00","bjyt","bjyt00"
"map/bjyt/bjyt02","bjyt","bjyt02"
"map/bjyt/bjyt03","bjyt","bjyt03"
"map/bjyt/bjyt04","bjyt","bjyt04"
"map/bjyt/bjyt05","bjyt","bjyt05"
"map/bjyt/bjyt06","bjyt","bjyt06"
"map/bjyt/bjyt07","bjyt","bjyt07"
"map/bjyt/bjyt08","bjyt","bjyt08"
"map/bjyt/bjyt10","bjyt","bjyt10"
"map/bjyt/bjyt12","bjyt","bjyt12"
"map/bltz/bltz00","bltz","bltz00"
"map/bltz/bltz01","bltz","bltz01"
"map/bltz/bltz02","bltz","bltz02"
"map/bsil/bsil00","bsil","bsil00"
"map/bsil/bsil01","bsil","bsil01"
"map/bsil/bsil02","bsil","bsil02"
"map/bsil/bsil03","bsil","bsil03"
"map/bsil/bsil04","bsil","bsil04"
"map/bsil/bsil05","bsil","bsil05"
"map/bsil/bsil06","bsil","bsil06"
"map/bsil/bsil07","bsil","bsil07"
"map/bsmm/bsmm00","bsmm","bsmm00"
"map/bsvr/bsvr00","bsvr","bsvr00"
"map/bsvr/bsvr01","bsvr","bsvr01"
"map/bsvr/bsvr02","bsvr","bsvr02"
"map/bsvr/bsvr03","bsvr","bsvr03"
"map/bsvr/bsvr04","bsvr","bsvr04"
"map/bsvr/bsvr05","bsvr","bsvr05"
"map/bsvr/bsvr06","bsvr","bsvr06"
"map/bsvr/bsvr09","bsvr","bsvr09"
"map/bsyt/bsyt00","bsyt","bsyt00"
"map/bsyt/bsyt01","bsyt","bsyt01"
"map/bsyt/bsyt03","bsyt","bsyt03"
"map/bsyt/bsyt04","bsyt","bsyt04"
"map/bsyt/bsyt05","bsyt","bsyt05"
"map/bsyt/bsyt06","bsyt","bsyt06"
"map/bvyt/bvyt00","bvyt","bvyt00"
"map/bvyt/bvyt01","bvyt","bvyt01"
"map/bvyt/bvyt02","bvyt","bvyt02"
"map/bvyt/bvyt03","bvyt","bvyt03"
"map/bvyt/bvyt04","bvyt","bvyt04"
"map/bvyt/bvyt05","bvyt","bvyt05"
"map/bvyt/bvyt06","bvyt","bvyt06"
"map/bvyt/bvyt09","bvyt","bvyt09"
"map/bvyt/bvyt10","bvyt","bvyt10"
"map/bvyt/bvyt11","bvyt","bvyt11"
"map/bvyt/bvyt12","bvyt","bvyt12"
"map/bvyt/bvyt13","bvyt","bvyt13"
"map/cdsp/cdsp00","cdsp","cdsp00"
"map/cdsp/cdsp01","cdsp","cdsp01"
"map/cdsp/cdsp02","cdsp","cdsp02"
"map/cdsp/cdsp07","cdsp","cdsp07"
"map/cdsp/cdsp08","cdsp","cdsp08"
"map/djyt/djyt00","djyt","djyt00"
"map/djyt/djyt01","djyt","djyt01"
"map/djyt/djyt02","djyt","djyt02"
"map/djyt/djyt03","djyt","djyt03"
"map/djyt/djyt04","djyt","djyt04"
"map/djyt/djyt05","djyt","djyt05"
"map/djyt/djyt06","djyt","djyt06"
"map/djyt/djyt07","djyt","djyt07"
"map/djyt/djyt08","djyt","djyt08"
"map/djyt/djyt09","djyt","djyt09"
"map/dome/dome00","dome","dome00"
"map/dome/dome01","dome","dome01"
"map/dome/dome02","dome","dome02"
"map/dome/dome03","dome","dome03"
"map/dome/dome04","dome","dome04"
"map/dome/dome05","dome","dome05"
"map/dome/dome06","dome","dome06"
"map/dome/dome07","dome","dome07"
"map/dream/fp","dream","fp"
"map/genk/genk00","genk","genk00"
"map/genk/genk01","genk","genk01"
"map/genk/genk02","genk","genk02"
"map/genk/genk04","genk","genk04"
"map/genk/genk05","genk","genk05"
"map/genk/genk06","genk","genk06"
"map/genk/genk09","genk","genk09"
"map/genk/genk10","genk","genk10"
"map/genk/genk11","genk","genk11"
"map/genk/genk12","genk","genk12"
"map/genk/genk13","genk","genk13"
"map/genk/genk15","genk","genk15"
"map/genk/genk16","genk","genk16"
"map/grid/grid00","grid","grid00"
"map/guad/guad00","guad","guad00"
"map/guad/guad01","guad","guad01"
"map/guad/guad02","guad","guad02"
"map/guad/guad03","guad","guad03"
"map/guad/guad04","guad","guad04"
"map/guad/guad05","guad","guad05"
"map/guad/guad06","guad","guad06"
"map/guad/guad07","guad","guad07"
"map/hiku/hiku00","hiku","hiku00"
"map/hiku/hiku02","hiku","hiku02"
"map/hiku/hiku05","hiku","hiku05"
"map/hiku/hiku08","hiku","hiku08"
"map/hiku/hiku15","hiku","hiku15"
"map/hiku/hiku16","hiku","hiku16"
"map/hiku/hiku17","hiku","hiku17"
"map/hiku/hiku18","hiku","hiku18"
"map/hiku/hiku19","hiku","hiku19"
"map/hiku/hiku20","hiku","hiku20"
"map/hiku/hiku21","hiku","hiku21"
"map/hiku/hiku22","hiku","hiku22"
"map/hiku/hiku23","hiku","hiku23"
"map/hiku/hiku24","hiku","hiku24"
"map/hiku/hiku25","hiku","hiku25"
"map/hiku/hiku26","hiku","hiku26"
"map/hiku/hiku27","hiku","hiku27"
"map/hiku/hiku28","hiku","hiku28"
"map/hiku/hiku29","hiku","hiku29"
"map/hiku/hiku30","hiku","hiku30"
"map/ikai/ikai00","ikai","ikai00"
"map/ikai/ikai01","ikai","ikai01"
"map/ikai/ikai06","ikai","ikai06"
"map/ikai/ikai07","ikai","ikai07"
"map/ikai/ikai08","ikai","ikai08"
"map/kami/kami00","kami","kami00"
"map/kami/kami01","kami","kami01"
"map/kami/kami02","kami","kami02"
"map/kami/kami03","kami","kami03"
"map/kami/kami04","kami","kami04"
"map/kami/kami08","kami","kami08"
"map/kino/kino00","kino","kino00"
"map/kino/kino01","kino","kino01"
"map/kino/kino02","kino","kino02"
"map/kino/kino03","kino","kino03"
"map/kino/kino04","kino","kino04"
"map/kino/kino05","kino","kino05"
"map/kino/kino06","kino","kino06"
"map/kino/kino07","kino","kino07"
"map/kino/kino08","kino","kino08"
"map/kino/kino09","kino","kino09"
"map/klyt/klyt00","klyt","klyt00"
"map/klyt/klyt01","klyt","klyt01"
"map/klyt/klyt02","klyt","klyt02"
"map/klyt/klyt03","klyt","klyt03"
"map/klyt/klyt05","klyt","klyt05"
"map/klyt/klyt06","klyt","klyt06"
"map/klyt/klyt07","klyt","klyt07"
"map/klyt/klyt09","klyt","klyt09"
"map/klyt/klyt10","klyt","klyt10"
"map/klyt/klyt11","klyt","klyt11"
"map/klyt/klyt12","klyt","klyt12"
"map/lchb/lchb00","lchb","lchb00"
"map/lchb/lchb01","lchb","lchb01"
"map/lchb/lchb02","lchb","lchb02"
"map/lchb/lchb03","lchb","lchb03"
"map/lchb/lchb04","lchb","lchb04"
"map/lchb/lchb05","lchb","lchb05"
"map/lchb/lchb06","lchb","lchb06"
"map/lchb/lchb07","lchb","lchb07"
"map/lchb/lchb08","lchb","lchb08"
"map/lchb/lchb09","lchb","lchb09"
"map/lchb/lchb10","lchb","lchb10"
"map/lchb/lchb11","lchb","lchb11"
"map/lchb/lchb12","lchb","lchb12"
"map/lchb/lchb13","lchb","lchb13"
"map/lchb/lchb14","lchb","lchb14"
"map/lchb/lchb15","lchb","lchb15"
"map/lchb/lchb18","lchb","lchb18"
"map/lmyt/lmyt00","lmyt","lmyt00"
"map/lmyt/lmyt01","lmyt","lmyt01"
"map/lmyt/lmyt02","lmyt","lmyt02"
"map/luca/luca01","luca","luca01"
"map/luca/luca04","luca","luca04"
"map/luca/luca06","luca","luca06"
"map/luca/luca08","luca","luca08"
"map/maca/maca00","maca","maca00"
"map/maca/maca01","maca","maca01"
"map/maca/maca02","maca","maca02"
"map/maca/maca03","maca","maca03"
"map/maca/maca04","maca","maca04"
"map/maca/maca05","maca","maca05"
"map/mcfr/mcfr00","mcfr","mcfr00"
"map/mcfr/mcfr01","mcfr","mcfr01"
"map/mcfr/mcfr02","mcfr","mcfr02"
"map/mcfr/mcfr03","mcfr","mcfr03"
"map/mcfr/mcfr04","mcfr","mcfr04"
"map/mcfr/mcfr05","mcfr","mcfr05"
"map/mcfr/mcfr06","mcfr","mcfr06"
"map/mcfr/mcfr07","mcfr","mcfr07"
"map/mcfr/mcfr08","mcfr","mcfr08"
"map/mcfr/mcfr09","mcfr","mcfr09"
"map/mcfr/mcfr11","mcfr","mcfr11"
"map/mcfr/mcfr12","mcfr","mcfr12"
"map/mcfr/mcfr13","mcfr","mcfr13"
"map/mcfr/mcfr14","mcfr","mcfr14"
"map/mcyt/mcyt00","mcyt","mcyt00"
"map/mcyt/mcyt02","mcyt","mcyt02"
"map/mcyt/mcyt03","mcyt","mcyt03"
"map/mcyt/mcyt04","mcyt","mcyt04"
"map/mcyt/mcyt05","mcyt","mcyt05"
"map/mcyt/mcyt06","mcyt","mcyt06"
"map/mcyt/mcyt07","mcyt","mcyt07"
"map/mihn/mihn00","mihn","mihn00"
"map/mihn/mihn01","mihn","mihn01"
"map/mihn/mihn02","mihn","mihn02"
"map/mihn/mihn03","mihn","mihn03"
"map/mihn/mihn04","mihn","mihn04"
"map/mihn/mihn05","mihn","mihn05"
"map/mihn/mihn06","mihn","mihn06"
"map/mihn/mihn07","mihn","mihn07"
"map/mihn/mihn08","mihn","mihn08"
"map/mmmc/mmmc00","mmmc","mmmc00"
"map/msmm/msmm00","msmm","msmm00"
"map/mtgz/mtgz00","mtgz","mtgz00"
"map/mtgz/mtgz01","mtgz","mtgz01"
"map/mtgz/mtgz02","mtgz","mtgz02"
"map/mtgz/mtgz03","mtgz","mtgz03"
"map/mtgz/mtgz06","mtgz","mtgz06"
"map/mtgz/mtgz07","mtgz","mtgz07"
"map/mtgz/mtgz08","mtgz","mtgz08"
"map/mtgz/mtgz09","mtgz","mtgz09"
"map/mtgz/mtgz10","mtgz","mtgz10"
"map/mtgz/mtgz11","mtgz","mtgz11"
"map/nagi/nagi00","nagi","nagi00"
"map/nagi/nagi01","nagi","nagi01"
"map/nagi/nagi04","nagi","nagi04"
"map/nagi/nagi05","nagi","nagi05"
"map/nagi/nagi06","nagi","nagi06"
"map/nagi/nagi07","nagi","nagi07"
"map/omeg/omeg00","omeg","omeg00"
"map/omeg/omeg01","omeg","omeg01"
"map/ptkl/ptkl00","ptkl","ptkl00"
"map/ptkl/ptkl01","ptkl","ptkl01"
"map/ptkl/ptkl02","ptkl","ptkl02"
"map/ptkl/ptkl06","ptkl","ptkl06"
"map/ptkl/ptkl08","ptkl","ptkl08"
"map/ptkl/ptkl10","ptkl","ptkl10"
"map/ptkl/ptkl13","ptkl","ptkl13"
"map/ptkl/ptkl14","ptkl","ptkl14"
"map/ptkl/ptkl16","ptkl","ptkl16"
"map/ptkl/ptkl17","ptkl","ptkl17"
"map/ptkl/ptkl18","ptkl","ptkl18"
"map/sins/sins00","sins","sins00"
"map/sins/sins02","sins","sins02"
"map/sins/sins03","sins","sins03"
"map/sins/sins04","sins","sins04"
"map/sins/sins05","sins","sins05"
"map/sins/sins06","sins","sins06"
"map/sins/sins07","sins","sins07"
"map/sins/sins09","sins","sins09"
"map/slik/slik00","slik","slik00"
"map/slik/slik02","slik","slik02"
"map/slik/slik03","slik","slik03"
"map/slik/slik04","slik","slik04"
"map/slik/slik07","slik","slik07"
"map/slik/slik08","slik","slik08"
"map/slik/slik10","slik","slik10"
"map/slik/slik11","slik","slik11"
"map/ssbt/ssbt00","ssbt","ssbt00"
"map/ssbt/ssbt01","ssbt","ssbt01"
"map/ssbt/ssbt02","ssbt","ssbt02"
"map/ssbt/ssbt03","ssbt","ssbt03"
"map/stbv/stbv00","stbv","stbv00"
"map/stbv/stbv01","stbv","stbv01"
"map/stbv/stbv04","stbv","stbv04"
"map/swin/swin00","swin","swin00"
"map/swin/swin02","swin","swin02"
"map/swin/swin03","swin","swin03"
"map/swin/swin04","swin","swin04"
"map/swin/swin07","swin","swin07"
"map/swin/swin08","swin","swin08"
"map/swin/swin09","swin","swin09"
"map/titl/titl00","titl","titl00"
"map/titl/titl01","titl","titl01"
"map/titl/titl02","titl","titl02"
"map/zkrn/zkrn00","zkrn","zkrn00"
"map/zkrn/zkrn01","zkrn","zkrn01"
"map/zkrn/zkrn02","zkrn","zkrn02"
"map/zkrn/zkrn03","zkrn","zkrn03"
"map/zkrn/zkrn06","zkrn","zkrn06"
"map/znkd/znkd00","znkd","znkd00"
"map/znkd/znkd03","znkd","znkd03"
"map/znkd/znkd04","znkd","znkd04"
"map/znkd/znkd05","znkd","znkd05"
"map/znkd/znkd06","znkd","znkd06"
"map/znkd/znkd07","znkd","znkd07"
"map/znkd/znkd08","znkd","znkd08"
"map/znkd/znkd09","znkd","znkd09"
"map/znkd/znkd10","znkd","znkd10"
"map/znkd/znkd12","znkd","znkd12"
"map/znkd/znkd13","znkd","znkd13"
"map/znkd/znkd14","znkd","znkd14"
"map/zzzz/zzzz03","zzzz","zzzz03"
