domain,entity,area,field_token_base,variant,exact_map_entity,same_area_map_count,same_area_map_samples,assetlinker_functions_sample,decision_band
btlmap,btlmap/azit/azit03_a,azit,azit03,a,map/azit/azit03,6,map/azit/azit00|map/azit/azit03|map/azit/azit04|map/azit/azit05|map/azit/azit06|map/azit/azit07,,field_token_bridge_candidate
btlmap,btlmap/bika/bika00_a,bika,bika00,a,map/bika/bika00,5,map/bika/bika00|map/bika/bika01|map/bika/bika02|map/bika/bika03|map/bika/bika04,,field_token_bridge_candidate
btlmap,btlmap/bika/bika01_a,bika,bika01,a,map/bika/bika01,5,map/bika/bika00|map/bika/bika01|map/bika/bika02|map/bika/bika03|map/bika/bika04,,field_token_bridge_candidate
btlmap,btlmap/bika/bika02_b,bika,bika02,b,map/bika/bika02,5,map/bika/bika00|map/bika/bika01|map/bika/bika02|map/bika/bika03|map/bika/bika04,,field_token_bridge_candidate
btlmap,btlmap/bika/bika03_b,bika,bika03,b,map/bika/bika03,5,map/bika/bika00|map/bika/bika01|map/bika/bika02|map/bika/bika03|map/bika/bika04,,field_token_bridge_candidate
btlmap,btlmap/bika/bika03_c,bika,bika03,c,map/bika/bika03,5,map/bika/bika00|map/bika/bika01|map/bika/bika02|map/bika/bika03|map/bika/bika04,,field_token_bridge_candidate
btlmap,btlmap/bika/bika04_a,bika,bika04,a,map/bika/bika04,5,map/bika/bika00|map/bika/bika01|map/bika/bika02|map/bika/bika03|map/bika/bika04,,field_token_bridge_candidate
btlmap,btlmap/bsil/bsil03_a,bsil,bsil03,a,map/bsil/bsil03,8,map/bsil/bsil00|map/bsil/bsil01|map/bsil/bsil02|map/bsil/bsil03|map/bsil/bsil04|map/bsil/bsil05|map/bsil/bsil06|map/bsil/bsil07,,field_token_bridge_candidate
btlmap,btlmap/bsil/bsil05_a,bsil,bsil05,a,map/bsil/bsil05,8,map/bsil/bsil00|map/bsil/bsil01|map/bsil/bsil02|map/bsil/bsil03|map/bsil/bsil04|map/bsil/bsil05|map/bsil/bsil06|map/bsil/bsil07,0x660650:sub_660650,field_token_bridge_candidate
btlmap,btlmap/bsil/bsil07_a,bsil,bsil07,a,map/bsil/bsil07,8,map/bsil/bsil00|map/bsil/bsil01|map/bsil/bsil02|map/bsil/bsil03|map/bsil/bsil04|map/bsil/bsil05|map/bsil/bsil06|map/bsil/bsil07,,field_token_bridge_candidate
btlmap,btlmap/bvyt/bvyt00_a,bvyt,bvyt00,a,map/bvyt/bvyt00,12,map/bvyt/bvyt00|map/bvyt/bvyt01|map/bvyt/bvyt02|map/bvyt/bvyt03|map/bvyt/bvyt04|map/bvyt/bvyt05|map/bvyt/bvyt06|map/bvyt/bvyt09|map/bvyt/bvyt10|map/bvyt/bvyt11|map/bvyt/bvyt12|map/bvyt/bvyt13,,field_token_bridge_candidate
btlmap,btlmap/bvyt/bvyt09_a,bvyt,bvyt09,a,map/bvyt/bvyt09,12,map/bvyt/bvyt00|map/bvyt/bvyt01|map/bvyt/bvyt02|map/bvyt/bvyt03|map/bvyt/bvyt04|map/bvyt/bvyt05|map/bvyt/bvyt06|map/bvyt/bvyt09|map/bvyt/bvyt10|map/bvyt/bvyt11|map/bvyt/bvyt12|map/bvyt/bvyt13,,field_token_bridge_candidate
btlmap,btlmap/bvyt/bvyt09_b,bvyt,bvyt09,b,map/bvyt/bvyt09,12,map/bvyt/bvyt00|map/bvyt/bvyt01|map/bvyt/bvyt02|map/bvyt/bvyt03|map/bvyt/bvyt04|map/bvyt/bvyt05|map/bvyt/bvyt06|map/bvyt/bvyt09|map/bvyt/bvyt10|map/bvyt/bvyt11|map/bvyt/bvyt12|map/bvyt/bvyt13,,field_token_bridge_candidate
btlmap,btlmap/cdsp/cdsp00_a,cdsp,cdsp00,a,map/cdsp/cdsp00,5,map/cdsp/cdsp00|map/cdsp/cdsp01|map/cdsp/cdsp02|map/cdsp/cdsp07|map/cdsp/cdsp08,,field_token_bridge_candidate
btlmap,btlmap/dome/dome00_a,dome,dome00,a,map/dome/dome00,8,map/dome/dome00|map/dome/dome01|map/dome/dome02|map/dome/dome03|map/dome/dome04|map/dome/dome05|map/dome/dome06|map/dome/dome07,,field_token_bridge_candidate
btlmap,btlmap/genk/genk00_a,genk,genk00,a,map/genk/genk00,13,map/genk/genk00|map/genk/genk01|map/genk/genk02|map/genk/genk04|map/genk/genk05|map/genk/genk06|map/genk/genk09|map/genk/genk10|map/genk/genk11|map/genk/genk12|map/genk/genk13|map/genk/genk15,,field_token_bridge_candidate
btlmap,btlmap/genk/genk16_a,genk,genk16,a,map/genk/genk16,13,map/genk/genk00|map/genk/genk01|map/genk/genk02|map/genk/genk04|map/genk/genk05|map/genk/genk06|map/genk/genk09|map/genk/genk10|map/genk/genk11|map/genk/genk12|map/genk/genk13|map/genk/genk15,,field_token_bridge_candidate
btlmap,btlmap/grid/grid00_a,grid,grid00,a,map/grid/grid00,1,map/grid/grid00,,field_token_bridge_candidate
btlmap,btlmap/hdao_settings.bin,hdao_settings.bin,,,,0,,,field_token_bridge_candidate
btlmap,btlmap/hiku/hiku02_a,hiku,hiku02,a,map/hiku/hiku02,20,map/hiku/hiku00|map/hiku/hiku02|map/hiku/hiku05|map/hiku/hiku08|map/hiku/hiku15|map/hiku/hiku16|map/hiku/hiku17|map/hiku/hiku18|map/hiku/hiku19|map/hiku/hiku20|map/hiku/hiku21|map/hiku/hiku22,,field_token_bridge_candidate
btlmap,btlmap/kami/kami00_a,kami,kami00,a,map/kami/kami00,6,map/kami/kami00|map/kami/kami01|map/kami/kami02|map/kami/kami03|map/kami/kami04|map/kami/kami08,,field_token_bridge_candidate
btlmap,btlmap/kami/kami03_a,kami,kami03,a,map/kami/kami03,6,map/kami/kami00|map/kami/kami01|map/kami/kami02|map/kami/kami03|map/kami/kami04|map/kami/kami08,,field_token_bridge_candidate
btlmap,btlmap/kino/kino00_a,kino,kino00,a,map/kino/kino00,10,map/kino/kino00|map/kino/kino01|map/kino/kino02|map/kino/kino03|map/kino/kino04|map/kino/kino05|map/kino/kino06|map/kino/kino07|map/kino/kino08|map/kino/kino09,,field_token_bridge_candidate
btlmap,btlmap/kino/kino01_a,kino,kino01,a,map/kino/kino01,10,map/kino/kino00|map/kino/kino01|map/kino/kino02|map/kino/kino03|map/kino/kino04|map/kino/kino05|map/kino/kino06|map/kino/kino07|map/kino/kino08|map/kino/kino09,,field_token_bridge_candidate
btlmap,btlmap/kino/kino04_a,kino,kino04,a,map/kino/kino04,10,map/kino/kino00|map/kino/kino01|map/kino/kino02|map/kino/kino03|map/kino/kino04|map/kino/kino05|map/kino/kino06|map/kino/kino07|map/kino/kino08|map/kino/kino09,,field_token_bridge_candidate
btlmap,btlmap/kino/kino05_a,kino,kino05,a,map/kino/kino05,10,map/kino/kino00|map/kino/kino01|map/kino/kino02|map/kino/kino03|map/kino/kino04|map/kino/kino05|map/kino/kino06|map/kino/kino07|map/kino/kino08|map/kino/kino09,,field_token_bridge_candidate
btlmap,btlmap/kino/kino07_a,kino,kino07,a,map/kino/kino07,10,map/kino/kino00|map/kino/kino01|map/kino/kino02|map/kino/kino03|map/kino/kino04|map/kino/kino05|map/kino/kino06|map/kino/kino07|map/kino/kino08|map/kino/kino09,0x660650:sub_660650,field_token_bridge_candidate
btlmap,btlmap/klyt/klyt00_a,klyt,klyt00,a,map/klyt/klyt00,11,map/klyt/klyt00|map/klyt/klyt01|map/klyt/klyt02|map/klyt/klyt03|map/klyt/klyt05|map/klyt/klyt06|map/klyt/klyt07|map/klyt/klyt09|map/klyt/klyt10|map/klyt/klyt11|map/klyt/klyt12,,field_token_bridge_candidate
btlmap,btlmap/lmyt/lmyt01_a,lmyt,lmyt01,a,map/lmyt/lmyt01,3,map/lmyt/lmyt00|map/lmyt/lmyt01|map/lmyt/lmyt02,,field_token_bridge_candidate
btlmap,btlmap/maca/maca00_a,maca,maca00,a,map/maca/maca00,6,map/maca/maca00|map/maca/maca01|map/maca/maca02|map/maca/maca03|map/maca/maca04|map/maca/maca05,,field_token_bridge_candidate
btlmap,btlmap/maca/maca03_a,maca,maca03,a,map/maca/maca03,6,map/maca/maca00|map/maca/maca01|map/maca/maca02|map/maca/maca03|map/maca/maca04|map/maca/maca05,,field_token_bridge_candidate
btlmap,btlmap/mcfr/mcfr00_a,mcfr,mcfr00,a,map/mcfr/mcfr00,14,map/mcfr/mcfr00|map/mcfr/mcfr01|map/mcfr/mcfr02|map/mcfr/mcfr03|map/mcfr/mcfr04|map/mcfr/mcfr05|map/mcfr/mcfr06|map/mcfr/mcfr07|map/mcfr/mcfr08|map/mcfr/mcfr09|map/mcfr/mcfr11|map/mcfr/mcfr12,,field_token_bridge_candidate
btlmap,btlmap/mcyt/mcyt00_a,mcyt,mcyt00,a,map/mcyt/mcyt00,7,map/mcyt/mcyt00|map/mcyt/mcyt02|map/mcyt/mcyt03|map/mcyt/mcyt04|map/mcyt/mcyt05|map/mcyt/mcyt06|map/mcyt/mcyt07,,field_token_bridge_candidate
btlmap,btlmap/mihn/mihn00_a,mihn,mihn00,a,map/mihn/mihn00,9,map/mihn/mihn00|map/mihn/mihn01|map/mihn/mihn02|map/mihn/mihn03|map/mihn/mihn04|map/mihn/mihn05|map/mihn/mihn06|map/mihn/mihn07|map/mihn/mihn08,,field_token_bridge_candidate
btlmap,btlmap/mihn/mihn00_b,mihn,mihn00,b,map/mihn/mihn00,9,map/mihn/mihn00|map/mihn/mihn01|map/mihn/mihn02|map/mihn/mihn03|map/mihn/mihn04|map/mihn/mihn05|map/mihn/mihn06|map/mihn/mihn07|map/mihn/mihn08,,field_token_bridge_candidate
btlmap,btlmap/mihn/mihn04_a,mihn,mihn04,a,map/mihn/mihn04,9,map/mihn/mihn00|map/mihn/mihn01|map/mihn/mihn02|map/mihn/mihn03|map/mihn/mihn04|map/mihn/mihn05|map/mihn/mihn06|map/mihn/mihn07|map/mihn/mihn08,,field_token_bridge_candidate
btlmap,btlmap/mihn/mihn04_b,mihn,mihn04,b,map/mihn/mihn04,9,map/mihn/mihn00|map/mihn/mihn01|map/mihn/mihn02|map/mihn/mihn03|map/mihn/mihn04|map/mihn/mihn05|map/mihn/mihn06|map/mihn/mihn07|map/mihn/mihn08,,field_token_bridge_candidate
btlmap,btlmap/mtgz/mtgz01_a,mtgz,mtgz01,a,map/mtgz/mtgz01,10,map/mtgz/mtgz00|map/mtgz/mtgz01|map/mtgz/mtgz02|map/mtgz/mtgz03|map/mtgz/mtgz06|map/mtgz/mtgz07|map/mtgz/mtgz08|map/mtgz/mtgz09|map/mtgz/mtgz10|map/mtgz/mtgz11,,field_token_bridge_candidate
btlmap,btlmap/mtgz/mtgz06_a,mtgz,mtgz06,a,map/mtgz/mtgz06,10,map/mtgz/mtgz00|map/mtgz/mtgz01|map/mtgz/mtgz02|map/mtgz/mtgz03|map/mtgz/mtgz06|map/mtgz/mtgz07|map/mtgz/mtgz08|map/mtgz/mtgz09|map/mtgz/mtgz10|map/mtgz/mtgz11,,field_token_bridge_candidate
btlmap,btlmap/mtgz/mtgz07_a,mtgz,mtgz07,a,map/mtgz/mtgz07,10,map/mtgz/mtgz00|map/mtgz/mtgz01|map/mtgz/mtgz02|map/mtgz/mtgz03|map/mtgz/mtgz06|map/mtgz/mtgz07|map/mtgz/mtgz08|map/mtgz/mtgz09|map/mtgz/mtgz10|map/mtgz/mtgz11,,field_token_bridge_candidate
btlmap,btlmap/nagi/nagi00_a,nagi,nagi00,a,map/nagi/nagi00,6,map/nagi/nagi00|map/nagi/nagi01|map/nagi/nagi04|map/nagi/nagi05|map/nagi/nagi06|map/nagi/nagi07,,field_token_bridge_candidate
btlmap,btlmap/nagi/nagi03_a,nagi,nagi03,a,,6,map/nagi/nagi00|map/nagi/nagi01|map/nagi/nagi04|map/nagi/nagi05|map/nagi/nagi06|map/nagi/nagi07,,field_token_bridge_candidate
btlmap,btlmap/nagi/nagi04_a,nagi,nagi04,a,map/nagi/nagi04,6,map/nagi/nagi00|map/nagi/nagi01|map/nagi/nagi04|map/nagi/nagi05|map/nagi/nagi06|map/nagi/nagi07,,field_token_bridge_candidate
btlmap,btlmap/nagi/nagi05_a,nagi,nagi05,a,map/nagi/nagi05,6,map/nagi/nagi00|map/nagi/nagi01|map/nagi/nagi04|map/nagi/nagi05|map/nagi/nagi06|map/nagi/nagi07,0x660650:sub_660650,field_token_bridge_candidate
btlmap,btlmap/nagi/nagi05_b,nagi,nagi05,b,map/nagi/nagi05,6,map/nagi/nagi00|map/nagi/nagi01|map/nagi/nagi04|map/nagi/nagi05|map/nagi/nagi06|map/nagi/nagi07,,field_token_bridge_candidate
btlmap,btlmap/nagi/nagi05_c,nagi,nagi05,c,map/nagi/nagi05,6,map/nagi/nagi00|map/nagi/nagi01|map/nagi/nagi04|map/nagi/nagi05|map/nagi/nagi06|map/nagi/nagi07,0x660650:sub_660650,field_token_bridge_candidate
btlmap,btlmap/omeg/omeg00_a,omeg,omeg00,a,map/omeg/omeg00,2,map/omeg/omeg00|map/omeg/omeg01,,field_token_bridge_candidate
btlmap,btlmap/omeg/omeg01_a,omeg,omeg01,a,map/omeg/omeg01,2,map/omeg/omeg00|map/omeg/omeg01,,field_token_bridge_candidate
btlmap,btlmap/sfia/sfia00_a,sfia,sfia00,a,,0,,,field_token_bridge_candidate
btlmap,btlmap/sins/sins02_a,sins,sins02,a,map/sins/sins02,8,map/sins/sins00|map/sins/sins02|map/sins/sins03|map/sins/sins04|map/sins/sins05|map/sins/sins06|map/sins/sins07|map/sins/sins09,,field_token_bridge_candidate
btlmap,btlmap/sins/sins04_a,sins,sins04,a,map/sins/sins04,8,map/sins/sins00|map/sins/sins02|map/sins/sins03|map/sins/sins04|map/sins/sins05|map/sins/sins06|map/sins/sins07|map/sins/sins09,,field_token_bridge_candidate
btlmap,btlmap/sins/sins05_a,sins,sins05,a,map/sins/sins05,8,map/sins/sins00|map/sins/sins02|map/sins/sins03|map/sins/sins04|map/sins/sins05|map/sins/sins06|map/sins/sins07|map/sins/sins09,0x660650:sub_660650,field_token_bridge_candidate
btlmap,btlmap/stbv/stbv00_a,stbv,stbv00,a,map/stbv/stbv00,3,map/stbv/stbv00|map/stbv/stbv01|map/stbv/stbv04,,field_token_bridge_candidate
btlmap,btlmap/stbv/stbv01_a,stbv,stbv01,a,map/stbv/stbv01,3,map/stbv/stbv00|map/stbv/stbv01|map/stbv/stbv04,,field_token_bridge_candidate
btlmap,btlmap/test/test00_a,test,test00,a,,0,,,field_token_bridge_candidate
btlmap,btlmap/test/test00_b,test,test00,b,,0,,,field_token_bridge_candidate
btlmap,btlmap/zkrn/zkrn02_a,zkrn,zkrn02,a,map/zkrn/zkrn02,5,map/zkrn/zkrn00|map/zkrn/zkrn01|map/zkrn/zkrn02|map/zkrn/zkrn03|map/zkrn/zkrn06,,field_token_bridge_candidate
map,map/azit/azit00,azit,azit00,,map/azit/azit00,6,map/azit/azit00|map/azit/azit03|map/azit/azit04|map/azit/azit05|map/azit/azit06|map/azit/azit07,,field_token_bridge_candidate
map,map/azit/azit03,azit,azit03,,map/azit/azit03,6,map/azit/azit00|map/azit/azit03|map/azit/azit04|map/azit/azit05|map/azit/azit06|map/azit/azit07,,field_token_bridge_candidate
map,map/azit/azit04,azit,azit04,,map/azit/azit04,6,map/azit/azit00|map/azit/azit03|map/azit/azit04|map/azit/azit05|map/azit/azit06|map/azit/azit07,,field_token_bridge_candidate
map,map/azit/azit05,azit,azit05,,map/azit/azit05,6,map/azit/azit00|map/azit/azit03|map/azit/azit04|map/azit/azit05|map/azit/azit06|map/azit/azit07,,field_token_bridge_candidate
map,map/azit/azit06,azit,azit06,,map/azit/azit06,6,map/azit/azit00|map/azit/azit03|map/azit/azit04|map/azit/azit05|map/azit/azit06|map/azit/azit07,,field_token_bridge_candidate
map,map/azit/azit07,azit,azit07,,map/azit/azit07,6,map/azit/azit00|map/azit/azit03|map/azit/azit04|map/azit/azit05|map/azit/azit06|map/azit/azit07,,field_token_bridge_candidate
map,map/bika/bika00,bika,bika00,,map/bika/bika00,5,map/bika/bika00|map/bika/bika01|map/bika/bika02|map/bika/bika03|map/bika/bika04,0x660650:sub_660650,field_token_bridge_candidate
map,map/bika/bika01,bika,bika01,,map/bika/bika01,5,map/bika/bika00|map/bika/bika01|map/bika/bika02|map/bika/bika03|map/bika/bika04,,field_token_bridge_candidate
map,map/bika/bika02,bika,bika02,,map/bika/bika02,5,map/bika/bika00|map/bika/bika01|map/bika/bika02|map/bika/bika03|map/bika/bika04,,field_token_bridge_candidate
map,map/bika/bika03,bika,bika03,,map/bika/bika03,5,map/bika/bika00|map/bika/bika01|map/bika/bika02|map/bika/bika03|map/bika/bika04,0x660650:sub_660650|0x661E10:sub_661E10,field_token_bridge_candidate
map,map/bika/bika04,bika,bika04,,map/bika/bika04,5,map/bika/bika00|map/bika/bika01|map/bika/bika02|map/bika/bika03|map/bika/bika04,,field_token_bridge_candidate
map,map/bjyt/bjyt00,bjyt,bjyt00,,map/bjyt/bjyt00,10,map/bjyt/bjyt00|map/bjyt/bjyt02|map/bjyt/bjyt03|map/bjyt/bjyt04|map/bjyt/bjyt05|map/bjyt/bjyt06|map/bjyt/bjyt07|map/bjyt/bjyt08|map/bjyt/bjyt10|map/bjyt/bjyt12,,field_token_bridge_candidate
map,map/bjyt/bjyt02,bjyt,bjyt02,,map/bjyt/bjyt02,10,map/bjyt/bjyt00|map/bjyt/bjyt02|map/bjyt/bjyt03|map/bjyt/bjyt04|map/bjyt/bjyt05|map/bjyt/bjyt06|map/bjyt/bjyt07|map/bjyt/bjyt08|map/bjyt/bjyt10|map/bjyt/bjyt12,,field_token_bridge_candidate
map,map/bjyt/bjyt03,bjyt,bjyt03,,map/bjyt/bjyt03,10,map/bjyt/bjyt00|map/bjyt/bjyt02|map/bjyt/bjyt03|map/bjyt/bjyt04|map/bjyt/bjyt05|map/bjyt/bjyt06|map/bjyt/bjyt07|map/bjyt/bjyt08|map/bjyt/bjyt10|map/bjyt/bjyt12,,field_token_bridge_candidate
map,map/bjyt/bjyt04,bjyt,bjyt04,,map/bjyt/bjyt04,10,map/bjyt/bjyt00|map/bjyt/bjyt02|map/bjyt/bjyt03|map/bjyt/bjyt04|map/bjyt/bjyt05|map/bjyt/bjyt06|map/bjyt/bjyt07|map/bjyt/bjyt08|map/bjyt/bjyt10|map/bjyt/bjyt12,,field_token_bridge_candidate
map,map/bjyt/bjyt05,bjyt,bjyt05,,map/bjyt/bjyt05,10,map/bjyt/bjyt00|map/bjyt/bjyt02|map/bjyt/bjyt03|map/bjyt/bjyt04|map/bjyt/bjyt05|map/bjyt/bjyt06|map/bjyt/bjyt07|map/bjyt/bjyt08|map/bjyt/bjyt10|map/bjyt/bjyt12,,field_token_bridge_candidate
map,map/bjyt/bjyt06,bjyt,bjyt06,,map/bjyt/bjyt06,10,map/bjyt/bjyt00|map/bjyt/bjyt02|map/bjyt/bjyt03|map/bjyt/bjyt04|map/bjyt/bjyt05|map/bjyt/bjyt06|map/bjyt/bjyt07|map/bjyt/bjyt08|map/bjyt/bjyt10|map/bjyt/bjyt12,0x660650:sub_660650|0x661E10:sub_661E10,field_token_bridge_candidate
map,map/bjyt/bjyt07,bjyt,bjyt07,,map/bjyt/bjyt07,10,map/bjyt/bjyt00|map/bjyt/bjyt02|map/bjyt/bjyt03|map/bjyt/bjyt04|map/bjyt/bjyt05|map/bjyt/bjyt06|map/bjyt/bjyt07|map/bjyt/bjyt08|map/bjyt/bjyt10|map/bjyt/bjyt12,,field_token_bridge_candidate
map,map/bjyt/bjyt08,bjyt,bjyt08,,map/bjyt/bjyt08,10,map/bjyt/bjyt00|map/bjyt/bjyt02|map/bjyt/bjyt03|map/bjyt/bjyt04|map/bjyt/bjyt05|map/bjyt/bjyt06|map/bjyt/bjyt07|map/bjyt/bjyt08|map/bjyt/bjyt10|map/bjyt/bjyt12,,field_token_bridge_candidate
map,map/bjyt/bjyt10,bjyt,bjyt10,,map/bjyt/bjyt10,10,map/bjyt/bjyt00|map/bjyt/bjyt02|map/bjyt/bjyt03|map/bjyt/bjyt04|map/bjyt/bjyt05|map/bjyt/bjyt06|map/bjyt/bjyt07|map/bjyt/bjyt08|map/bjyt/bjyt10|map/bjyt/bjyt12,,field_token_bridge_candidate
map,map/bjyt/bjyt12,bjyt,bjyt12,,map/bjyt/bjyt12,10,map/bjyt/bjyt00|map/bjyt/bjyt02|map/bjyt/bjyt03|map/bjyt/bjyt04|map/bjyt/bjyt05|map/bjyt/bjyt06|map/bjyt/bjyt07|map/bjyt/bjyt08|map/bjyt/bjyt10|map/bjyt/bjyt12,,field_token_bridge_candidate
map,map/bltz/bltz00,bltz,bltz00,,map/bltz/bltz00,3,map/bltz/bltz00|map/bltz/bltz01|map/bltz/bltz02,,field_token_bridge_candidate
map,map/bltz/bltz01,bltz,bltz01,,map/bltz/bltz01,3,map/bltz/bltz00|map/bltz/bltz01|map/bltz/bltz02,,field_token_bridge_candidate
map,map/bltz/bltz02,bltz,bltz02,,map/bltz/bltz02,3,map/bltz/bltz00|map/bltz/bltz01|map/bltz/bltz02,,field_token_bridge_candidate
map,map/bsil/bsil00,bsil,bsil00,,map/bsil/bsil00,8,map/bsil/bsil00|map/bsil/bsil01|map/bsil/bsil02|map/bsil/bsil03|map/bsil/bsil04|map/bsil/bsil05|map/bsil/bsil06|map/bsil/bsil07,0x660650:sub_660650|0x661E10:sub_661E10,field_token_bridge_candidate
map,map/bsil/bsil01,bsil,bsil01,,map/bsil/bsil01,8,map/bsil/bsil00|map/bsil/bsil01|map/bsil/bsil02|map/bsil/bsil03|map/bsil/bsil04|map/bsil/bsil05|map/bsil/bsil06|map/bsil/bsil07,,field_token_bridge_candidate
map,map/bsil/bsil02,bsil,bsil02,,map/bsil/bsil02,8,map/bsil/bsil00|map/bsil/bsil01|map/bsil/bsil02|map/bsil/bsil03|map/bsil/bsil04|map/bsil/bsil05|map/bsil/bsil06|map/bsil/bsil07,,field_token_bridge_candidate
map,map/bsil/bsil03,bsil,bsil03,,map/bsil/bsil03,8,map/bsil/bsil00|map/bsil/bsil01|map/bsil/bsil02|map/bsil/bsil03|map/bsil/bsil04|map/bsil/bsil05|map/bsil/bsil06|map/bsil/bsil07,,field_token_bridge_candidate
map,map/bsil/bsil04,bsil,bsil04,,map/bsil/bsil04,8,map/bsil/bsil00|map/bsil/bsil01|map/bsil/bsil02|map/bsil/bsil03|map/bsil/bsil04|map/bsil/bsil05|map/bsil/bsil06|map/bsil/bsil07,,field_token_bridge_candidate
map,map/bsil/bsil05,bsil,bsil05,,map/bsil/bsil05,8,map/bsil/bsil00|map/bsil/bsil01|map/bsil/bsil02|map/bsil/bsil03|map/bsil/bsil04|map/bsil/bsil05|map/bsil/bsil06|map/bsil/bsil07,0x660650:sub_660650,field_token_bridge_candidate
map,map/bsil/bsil06,bsil,bsil06,,map/bsil/bsil06,8,map/bsil/bsil00|map/bsil/bsil01|map/bsil/bsil02|map/bsil/bsil03|map/bsil/bsil04|map/bsil/bsil05|map/bsil/bsil06|map/bsil/bsil07,,field_token_bridge_candidate
map,map/bsil/bsil07,bsil,bsil07,,map/bsil/bsil07,8,map/bsil/bsil00|map/bsil/bsil01|map/bsil/bsil02|map/bsil/bsil03|map/bsil/bsil04|map/bsil/bsil05|map/bsil/bsil06|map/bsil/bsil07,,field_token_bridge_candidate
map,map/bsmm/bsmm00,bsmm,bsmm00,,map/bsmm/bsmm00,1,map/bsmm/bsmm00,,field_token_bridge_candidate
map,map/bsvr/bsvr00,bsvr,bsvr00,,map/bsvr/bsvr00,8,map/bsvr/bsvr00|map/bsvr/bsvr01|map/bsvr/bsvr02|map/bsvr/bsvr03|map/bsvr/bsvr04|map/bsvr/bsvr05|map/bsvr/bsvr06|map/bsvr/bsvr09,,field_token_bridge_candidate
map,map/bsvr/bsvr01,bsvr,bsvr01,,map/bsvr/bsvr01,8,map/bsvr/bsvr00|map/bsvr/bsvr01|map/bsvr/bsvr02|map/bsvr/bsvr03|map/bsvr/bsvr04|map/bsvr/bsvr05|map/bsvr/bsvr06|map/bsvr/bsvr09,,field_token_bridge_candidate
map,map/bsvr/bsvr02,bsvr,bsvr02,,map/bsvr/bsvr02,8,map/bsvr/bsvr00|map/bsvr/bsvr01|map/bsvr/bsvr02|map/bsvr/bsvr03|map/bsvr/bsvr04|map/bsvr/bsvr05|map/bsvr/bsvr06|map/bsvr/bsvr09,,field_token_bridge_candidate
map,map/bsvr/bsvr03,bsvr,bsvr03,,map/bsvr/bsvr03,8,map/bsvr/bsvr00|map/bsvr/bsvr01|map/bsvr/bsvr02|map/bsvr/bsvr03|map/bsvr/bsvr04|map/bsvr/bsvr05|map/bsvr/bsvr06|map/bsvr/bsvr09,,field_token_bridge_candidate
map,map/bsvr/bsvr04,bsvr,bsvr04,,map/bsvr/bsvr04,8,map/bsvr/bsvr00|map/bsvr/bsvr01|map/bsvr/bsvr02|map/bsvr/bsvr03|map/bsvr/bsvr04|map/bsvr/bsvr05|map/bsvr/bsvr06|map/bsvr/bsvr09,,field_token_bridge_candidate
map,map/bsvr/bsvr05,bsvr,bsvr05,,map/bsvr/bsvr05,8,map/bsvr/bsvr00|map/bsvr/bsvr01|map/bsvr/bsvr02|map/bsvr/bsvr03|map/bsvr/bsvr04|map/bsvr/bsvr05|map/bsvr/bsvr06|map/bsvr/bsvr09,,field_token_bridge_candidate
map,map/bsvr/bsvr06,bsvr,bsvr06,,map/bsvr/bsvr06,8,map/bsvr/bsvr00|map/bsvr/bsvr01|map/bsvr/bsvr02|map/bsvr/bsvr03|map/bsvr/bsvr04|map/bsvr/bsvr05|map/bsvr/bsvr06|map/bsvr/bsvr09,,field_token_bridge_candidate
map,map/bsvr/bsvr09,bsvr,bsvr09,,map/bsvr/bsvr09,8,map/bsvr/bsvr00|map/bsvr/bsvr01|map/bsvr/bsvr02|map/bsvr/bsvr03|map/bsvr/bsvr04|map/bsvr/bsvr05|map/bsvr/bsvr06|map/bsvr/bsvr09,,field_token_bridge_candidate
map,map/bsyt/bsyt00,bsyt,bsyt00,,map/bsyt/bsyt00,6,map/bsyt/bsyt00|map/bsyt/bsyt01|map/bsyt/bsyt03|map/bsyt/bsyt04|map/bsyt/bsyt05|map/bsyt/bsyt06,,field_token_bridge_candidate
map,map/bsyt/bsyt01,bsyt,bsyt01,,map/bsyt/bsyt01,6,map/bsyt/bsyt00|map/bsyt/bsyt01|map/bsyt/bsyt03|map/bsyt/bsyt04|map/bsyt/bsyt05|map/bsyt/bsyt06,0x660650:sub_660650|0x661E10:sub_661E10,field_token_bridge_candidate
map,map/bsyt/bsyt03,bsyt,bsyt03,,map/bsyt/bsyt03,6,map/bsyt/bsyt00|map/bsyt/bsyt01|map/bsyt/bsyt03|map/bsyt/bsyt04|map/bsyt/bsyt05|map/bsyt/bsyt06,,field_token_bridge_candidate
map,map/bsyt/bsyt04,bsyt,bsyt04,,map/bsyt/bsyt04,6,map/bsyt/bsyt00|map/bsyt/bsyt01|map/bsyt/bsyt03|map/bsyt/bsyt04|map/bsyt/bsyt05|map/bsyt/bsyt06,,field_token_bridge_candidate
map,map/bsyt/bsyt05,bsyt,bsyt05,,map/bsyt/bsyt05,6,map/bsyt/bsyt00|map/bsyt/bsyt01|map/bsyt/bsyt03|map/bsyt/bsyt04|map/bsyt/bsyt05|map/bsyt/bsyt06,,field_token_bridge_candidate
map,map/bsyt/bsyt06,bsyt,bsyt06,,map/bsyt/bsyt06,6,map/bsyt/bsyt00|map/bsyt/bsyt01|map/bsyt/bsyt03|map/bsyt/bsyt04|map/bsyt/bsyt05|map/bsyt/bsyt06,0x660650:sub_660650|0x661E10:sub_661E10,field_token_bridge_candidate
map,map/bvyt/bvyt00,bvyt,bvyt00,,map/bvyt/bvyt00,12,map/bvyt/bvyt00|map/bvyt/bvyt01|map/bvyt/bvyt02|map/bvyt/bvyt03|map/bvyt/bvyt04|map/bvyt/bvyt05|map/bvyt/bvyt06|map/bvyt/bvyt09|map/bvyt/bvyt10|map/bvyt/bvyt11|map/bvyt/bvyt12|map/bvyt/bvyt13,0x661E10:sub_661E10,field_token_bridge_candidate
map,map/bvyt/bvyt01,bvyt,bvyt01,,map/bvyt/bvyt01,12,map/bvyt/bvyt00|map/bvyt/bvyt01|map/bvyt/bvyt02|map/bvyt/bvyt03|map/bvyt/bvyt04|map/bvyt/bvyt05|map/bvyt/bvyt06|map/bvyt/bvyt09|map/bvyt/bvyt10|map/bvyt/bvyt11|map/bvyt/bvyt12|map/bvyt/bvyt13,,field_token_bridge_candidate
map,map/bvyt/bvyt02,bvyt,bvyt02,,map/bvyt/bvyt02,12,map/bvyt/bvyt00|map/bvyt/bvyt01|map/bvyt/bvyt02|map/bvyt/bvyt03|map/bvyt/bvyt04|map/bvyt/bvyt05|map/bvyt/bvyt06|map/bvyt/bvyt09|map/bvyt/bvyt10|map/bvyt/bvyt11|map/bvyt/bvyt12|map/bvyt/bvyt13,,field_token_bridge_candidate
map,map/bvyt/bvyt03,bvyt,bvyt03,,map/bvyt/bvyt03,12,map/bvyt/bvyt00|map/bvyt/bvyt01|map/bvyt/bvyt02|map/bvyt/bvyt03|map/bvyt/bvyt04|map/bvyt/bvyt05|map/bvyt/bvyt06|map/bvyt/bvyt09|map/bvyt/bvyt10|map/bvyt/bvyt11|map/bvyt/bvyt12|map/bvyt/bvyt13,,field_token_bridge_candidate
map,map/bvyt/bvyt04,bvyt,bvyt04,,map/bvyt/bvyt04,12,map/bvyt/bvyt00|map/bvyt/bvyt01|map/bvyt/bvyt02|map/bvyt/bvyt03|map/bvyt/bvyt04|map/bvyt/bvyt05|map/bvyt/bvyt06|map/bvyt/bvyt09|map/bvyt/bvyt10|map/bvyt/bvyt11|map/bvyt/bvyt12|map/bvyt/bvyt13,,field_token_bridge_candidate
map,map/bvyt/bvyt05,bvyt,bvyt05,,map/bvyt/bvyt05,12,map/bvyt/bvyt00|map/bvyt/bvyt01|map/bvyt/bvyt02|map/bvyt/bvyt03|map/bvyt/bvyt04|map/bvyt/bvyt05|map/bvyt/bvyt06|map/bvyt/bvyt09|map/bvyt/bvyt10|map/bvyt/bvyt11|map/bvyt/bvyt12|map/bvyt/bvyt13,,field_token_bridge_candidate
map,map/bvyt/bvyt06,bvyt,bvyt06,,map/bvyt/bvyt06,12,map/bvyt/bvyt00|map/bvyt/bvyt01|map/bvyt/bvyt02|map/bvyt/bvyt03|map/bvyt/bvyt04|map/bvyt/bvyt05|map/bvyt/bvyt06|map/bvyt/bvyt09|map/bvyt/bvyt10|map/bvyt/bvyt11|map/bvyt/bvyt12|map/bvyt/bvyt13,,field_token_bridge_candidate
map,map/bvyt/bvyt09,bvyt,bvyt09,,map/bvyt/bvyt09,12,map/bvyt/bvyt00|map/bvyt/bvyt01|map/bvyt/bvyt02|map/bvyt/bvyt03|map/bvyt/bvyt04|map/bvyt/bvyt05|map/bvyt/bvyt06|map/bvyt/bvyt09|map/bvyt/bvyt10|map/bvyt/bvyt11|map/bvyt/bvyt12|map/bvyt/bvyt13,,field_token_bridge_candidate
map,map/bvyt/bvyt10,bvyt,bvyt10,,map/bvyt/bvyt10,12,map/bvyt/bvyt00|map/bvyt/bvyt01|map/bvyt/bvyt02|map/bvyt/bvyt03|map/bvyt/bvyt04|map/bvyt/bvyt05|map/bvyt/bvyt06|map/bvyt/bvyt09|map/bvyt/bvyt10|map/bvyt/bvyt11|map/bvyt/bvyt12|map/bvyt/bvyt13,,field_token_bridge_candidate
map,map/bvyt/bvyt11,bvyt,bvyt11,,map/bvyt/bvyt11,12,map/bvyt/bvyt00|map/bvyt/bvyt01|map/bvyt/bvyt02|map/bvyt/bvyt03|map/bvyt/bvyt04|map/bvyt/bvyt05|map/bvyt/bvyt06|map/bvyt/bvyt09|map/bvyt/bvyt10|map/bvyt/bvyt11|map/bvyt/bvyt12|map/bvyt/bvyt13,,field_token_bridge_candidate
map,map/bvyt/bvyt12,bvyt,bvyt12,,map/bvyt/bvyt12,12,map/bvyt/bvyt00|map/bvyt/bvyt01|map/bvyt/bvyt02|map/bvyt/bvyt03|map/bvyt/bvyt04|map/bvyt/bvyt05|map/bvyt/bvyt06|map/bvyt/bvyt09|map/bvyt/bvyt10|map/bvyt/bvyt11|map/bvyt/bvyt12|map/bvyt/bvyt13,,field_token_bridge_candidate
map,map/bvyt/bvyt13,bvyt,bvyt13,,map/bvyt/bvyt13,12,map/bvyt/bvyt00|map/bvyt/bvyt01|map/bvyt/bvyt02|map/bvyt/bvyt03|map/bvyt/bvyt04|map/bvyt/bvyt05|map/bvyt/bvyt06|map/bvyt/bvyt09|map/bvyt/bvyt10|map/bvyt/bvyt11|map/bvyt/bvyt12|map/bvyt/bvyt13,,field_token_bridge_candidate
map,map/cdsp/cdsp00,cdsp,cdsp00,,map/cdsp/cdsp00,5,map/cdsp/cdsp00|map/cdsp/cdsp01|map/cdsp/cdsp02|map/cdsp/cdsp07|map/cdsp/cdsp08,,field_token_bridge_candidate
map,map/cdsp/cdsp01,cdsp,cdsp01,,map/cdsp/cdsp01,5,map/cdsp/cdsp00|map/cdsp/cdsp01|map/cdsp/cdsp02|map/cdsp/cdsp07|map/cdsp/cdsp08,,field_token_bridge_candidate
map,map/cdsp/cdsp02,cdsp,cdsp02,,map/cdsp/cdsp02,5,map/cdsp/cdsp00|map/cdsp/cdsp01|map/cdsp/cdsp02|map/cdsp/cdsp07|map/cdsp/cdsp08,,field_token_bridge_candidate
map,map/cdsp/cdsp07,cdsp,cdsp07,,map/cdsp/cdsp07,5,map/cdsp/cdsp00|map/cdsp/cdsp01|map/cdsp/cdsp02|map/cdsp/cdsp07|map/cdsp/cdsp08,,field_token_bridge_candidate
map,map/cdsp/cdsp08,cdsp,cdsp08,,map/cdsp/cdsp08,5,map/cdsp/cdsp00|map/cdsp/cdsp01|map/cdsp/cdsp02|map/cdsp/cdsp07|map/cdsp/cdsp08,,field_token_bridge_candidate
map,map/djyt/djyt00,djyt,djyt00,,map/djyt/djyt00,10,map/djyt/djyt00|map/djyt/djyt01|map/djyt/djyt02|map/djyt/djyt03|map/djyt/djyt04|map/djyt/djyt05|map/djyt/djyt06|map/djyt/djyt07|map/djyt/djyt08|map/djyt/djyt09,,field_token_bridge_candidate
map,map/djyt/djyt01,djyt,djyt01,,map/djyt/djyt01,10,map/djyt/djyt00|map/djyt/djyt01|map/djyt/djyt02|map/djyt/djyt03|map/djyt/djyt04|map/djyt/djyt05|map/djyt/djyt06|map/djyt/djyt07|map/djyt/djyt08|map/djyt/djyt09,,field_token_bridge_candidate
map,map/djyt/djyt02,djyt,djyt02,,map/djyt/djyt02,10,map/djyt/djyt00|map/djyt/djyt01|map/djyt/djyt02|map/djyt/djyt03|map/djyt/djyt04|map/djyt/djyt05|map/djyt/djyt06|map/djyt/djyt07|map/djyt/djyt08|map/djyt/djyt09,,field_token_bridge_candidate
map,map/djyt/djyt03,djyt,djyt03,,map/djyt/djyt03,10,map/djyt/djyt00|map/djyt/djyt01|map/djyt/djyt02|map/djyt/djyt03|map/djyt/djyt04|map/djyt/djyt05|map/djyt/djyt06|map/djyt/djyt07|map/djyt/djyt08|map/djyt/djyt09,,field_token_bridge_candidate
map,map/djyt/djyt04,djyt,djyt04,,map/djyt/djyt04,10,map/djyt/djyt00|map/djyt/djyt01|map/djyt/djyt02|map/djyt/djyt03|map/djyt/djyt04|map/djyt/djyt05|map/djyt/djyt06|map/djyt/djyt07|map/djyt/djyt08|map/djyt/djyt09,0x6E45A0:sub_6E45A0,field_token_bridge_candidate
map,map/djyt/djyt05,djyt,djyt05,,map/djyt/djyt05,10,map/djyt/djyt00|map/djyt/djyt01|map/djyt/djyt02|map/djyt/djyt03|map/djyt/djyt04|map/djyt/djyt05|map/djyt/djyt06|map/djyt/djyt07|map/djyt/djyt08|map/djyt/djyt09,0x6E45A0:sub_6E45A0,field_token_bridge_candidate
map,map/djyt/djyt06,djyt,djyt06,,map/djyt/djyt06,10,map/djyt/djyt00|map/djyt/djyt01|map/djyt/djyt02|map/djyt/djyt03|map/djyt/djyt04|map/djyt/djyt05|map/djyt/djyt06|map/djyt/djyt07|map/djyt/djyt08|map/djyt/djyt09,0x660650:sub_660650,field_token_bridge_candidate
map,map/djyt/djyt07,djyt,djyt07,,map/djyt/djyt07,10,map/djyt/djyt00|map/djyt/djyt01|map/djyt/djyt02|map/djyt/djyt03|map/djyt/djyt04|map/djyt/djyt05|map/djyt/djyt06|map/djyt/djyt07|map/djyt/djyt08|map/djyt/djyt09,,field_token_bridge_candidate
map,map/djyt/djyt08,djyt,djyt08,,map/djyt/djyt08,10,map/djyt/djyt00|map/djyt/djyt01|map/djyt/djyt02|map/djyt/djyt03|map/djyt/djyt04|map/djyt/djyt05|map/djyt/djyt06|map/djyt/djyt07|map/djyt/djyt08|map/djyt/djyt09,,field_token_bridge_candidate
map,map/djyt/djyt09,djyt,djyt09,,map/djyt/djyt09,10,map/djyt/djyt00|map/djyt/djyt01|map/djyt/djyt02|map/djyt/djyt03|map/djyt/djyt04|map/djyt/djyt05|map/djyt/djyt06|map/djyt/djyt07|map/djyt/djyt08|map/djyt/djyt09,,field_token_bridge_candidate
map,map/dome/dome00,dome,dome00,,map/dome/dome00,8,map/dome/dome00|map/dome/dome01|map/dome/dome02|map/dome/dome03|map/dome/dome04|map/dome/dome05|map/dome/dome06|map/dome/dome07,,field_token_bridge_candidate
map,map/dome/dome01,dome,dome01,,map/dome/dome01,8,map/dome/dome00|map/dome/dome01|map/dome/dome02|map/dome/dome03|map/dome/dome04|map/dome/dome05|map/dome/dome06|map/dome/dome07,,field_token_bridge_candidate
map,map/dome/dome02,dome,dome02,,map/dome/dome02,8,map/dome/dome00|map/dome/dome01|map/dome/dome02|map/dome/dome03|map/dome/dome04|map/dome/dome05|map/dome/dome06|map/dome/dome07,,field_token_bridge_candidate
map,map/dome/dome03,dome,dome03,,map/dome/dome03,8,map/dome/dome00|map/dome/dome01|map/dome/dome02|map/dome/dome03|map/dome/dome04|map/dome/dome05|map/dome/dome06|map/dome/dome07,0x660650:sub_660650,field_token_bridge_candidate
map,map/dome/dome04,dome,dome04,,map/dome/dome04,8,map/dome/dome00|map/dome/dome01|map/dome/dome02|map/dome/dome03|map/dome/dome04|map/dome/dome05|map/dome/dome06|map/dome/dome07,,field_token_bridge_candidate
map,map/dome/dome05,dome,dome05,,map/dome/dome05,8,map/dome/dome00|map/dome/dome01|map/dome/dome02|map/dome/dome03|map/dome/dome04|map/dome/dome05|map/dome/dome06|map/dome/dome07,,field_token_bridge_candidate
map,map/dome/dome06,dome,dome06,,map/dome/dome06,8,map/dome/dome00|map/dome/dome01|map/dome/dome02|map/dome/dome03|map/dome/dome04|map/dome/dome05|map/dome/dome06|map/dome/dome07,0x660650:sub_660650,field_token_bridge_candidate
map,map/dome/dome07,dome,dome07,,map/dome/dome07,8,map/dome/dome00|map/dome/dome01|map/dome/dome02|map/dome/dome03|map/dome/dome04|map/dome/dome05|map/dome/dome06|map/dome/dome07,0x660650:sub_660650|0x661E10:sub_661E10|0x715BD0:sub_715BD0,field_token_bridge_candidate
map,map/dream/fp,dream,fp,,map/dream/fp,1,map/dream/fp,,field_token_bridge_candidate
map,map/genk/genk00,genk,genk00,,map/genk/genk00,13,map/genk/genk00|map/genk/genk01|map/genk/genk02|map/genk/genk04|map/genk/genk05|map/genk/genk06|map/genk/genk09|map/genk/genk10|map/genk/genk11|map/genk/genk12|map/genk/genk13|map/genk/genk15,,field_token_bridge_candidate
map,map/genk/genk01,genk,genk01,,map/genk/genk01,13,map/genk/genk00|map/genk/genk01|map/genk/genk02|map/genk/genk04|map/genk/genk05|map/genk/genk06|map/genk/genk09|map/genk/genk10|map/genk/genk11|map/genk/genk12|map/genk/genk13|map/genk/genk15,,field_token_bridge_candidate
map,map/genk/genk02,genk,genk02,,map/genk/genk02,13,map/genk/genk00|map/genk/genk01|map/genk/genk02|map/genk/genk04|map/genk/genk05|map/genk/genk06|map/genk/genk09|map/genk/genk10|map/genk/genk11|map/genk/genk12|map/genk/genk13|map/genk/genk15,,field_token_bridge_candidate
map,map/genk/genk04,genk,genk04,,map/genk/genk04,13,map/genk/genk00|map/genk/genk01|map/genk/genk02|map/genk/genk04|map/genk/genk05|map/genk/genk06|map/genk/genk09|map/genk/genk10|map/genk/genk11|map/genk/genk12|map/genk/genk13|map/genk/genk15,,field_token_bridge_candidate
map,map/genk/genk05,genk,genk05,,map/genk/genk05,13,map/genk/genk00|map/genk/genk01|map/genk/genk02|map/genk/genk04|map/genk/genk05|map/genk/genk06|map/genk/genk09|map/genk/genk10|map/genk/genk11|map/genk/genk12|map/genk/genk13|map/genk/genk15,0x920B00:sub_920B00,field_token_bridge_candidate
map,map/genk/genk06,genk,genk06,,map/genk/genk06,13,map/genk/genk00|map/genk/genk01|map/genk/genk02|map/genk/genk04|map/genk/genk05|map/genk/genk06|map/genk/genk09|map/genk/genk10|map/genk/genk11|map/genk/genk12|map/genk/genk13|map/genk/genk15,,field_token_bridge_candidate
map,map/genk/genk09,genk,genk09,,map/genk/genk09,13,map/genk/genk00|map/genk/genk01|map/genk/genk02|map/genk/genk04|map/genk/genk05|map/genk/genk06|map/genk/genk09|map/genk/genk10|map/genk/genk11|map/genk/genk12|map/genk/genk13|map/genk/genk15,,field_token_bridge_candidate
map,map/genk/genk10,genk,genk10,,map/genk/genk10,13,map/genk/genk00|map/genk/genk01|map/genk/genk02|map/genk/genk04|map/genk/genk05|map/genk/genk06|map/genk/genk09|map/genk/genk10|map/genk/genk11|map/genk/genk12|map/genk/genk13|map/genk/genk15,,field_token_bridge_candidate
map,map/genk/genk11,genk,genk11,,map/genk/genk11,13,map/genk/genk00|map/genk/genk01|map/genk/genk02|map/genk/genk04|map/genk/genk05|map/genk/genk06|map/genk/genk09|map/genk/genk10|map/genk/genk11|map/genk/genk12|map/genk/genk13|map/genk/genk15,,field_token_bridge_candidate
map,map/genk/genk12,genk,genk12,,map/genk/genk12,13,map/genk/genk00|map/genk/genk01|map/genk/genk02|map/genk/genk04|map/genk/genk05|map/genk/genk06|map/genk/genk09|map/genk/genk10|map/genk/genk11|map/genk/genk12|map/genk/genk13|map/genk/genk15,0x920B00:sub_920B00,field_token_bridge_candidate
map,map/genk/genk13,genk,genk13,,map/genk/genk13,13,map/genk/genk00|map/genk/genk01|map/genk/genk02|map/genk/genk04|map/genk/genk05|map/genk/genk06|map/genk/genk09|map/genk/genk10|map/genk/genk11|map/genk/genk12|map/genk/genk13|map/genk/genk15,,field_token_bridge_candidate
map,map/genk/genk15,genk,genk15,,map/genk/genk15,13,map/genk/genk00|map/genk/genk01|map/genk/genk02|map/genk/genk04|map/genk/genk05|map/genk/genk06|map/genk/genk09|map/genk/genk10|map/genk/genk11|map/genk/genk12|map/genk/genk13|map/genk/genk15,,field_token_bridge_candidate
map,map/genk/genk16,genk,genk16,,map/genk/genk16,13,map/genk/genk00|map/genk/genk01|map/genk/genk02|map/genk/genk04|map/genk/genk05|map/genk/genk06|map/genk/genk09|map/genk/genk10|map/genk/genk11|map/genk/genk12|map/genk/genk13|map/genk/genk15,,field_token_bridge_candidate
map,map/grid/grid00,grid,grid00,,map/grid/grid00,1,map/grid/grid00,0x65CD70:sub_65CD70|0x6B59C0:sub_6B59C0|0x6BC350:sub_6BC350|0x6BC990:sub_6BC990|0x907E70:sub_907E70|0x908100:sub_908100,field_token_bridge_candidate
map,map/guad/guad00,guad,guad00,,map/guad/guad00,8,map/guad/guad00|map/guad/guad01|map/guad/guad02|map/guad/guad03|map/guad/guad04|map/guad/guad05|map/guad/guad06|map/guad/guad07,,field_token_bridge_candidate
map,map/guad/guad01,guad,guad01,,map/guad/guad01,8,map/guad/guad00|map/guad/guad01|map/guad/guad02|map/guad/guad03|map/guad/guad04|map/guad/guad05|map/guad/guad06|map/guad/guad07,,field_token_bridge_candidate
map,map/guad/guad02,guad,guad02,,map/guad/guad02,8,map/guad/guad00|map/guad/guad01|map/guad/guad02|map/guad/guad03|map/guad/guad04|map/guad/guad05|map/guad/guad06|map/guad/guad07,,field_token_bridge_candidate
map,map/guad/guad03,guad,guad03,,map/guad/guad03,8,map/guad/guad00|map/guad/guad01|map/guad/guad02|map/guad/guad03|map/guad/guad04|map/guad/guad05|map/guad/guad06|map/guad/guad07,,field_token_bridge_candidate
map,map/guad/guad04,guad,guad04,,map/guad/guad04,8,map/guad/guad00|map/guad/guad01|map/guad/guad02|map/guad/guad03|map/guad/guad04|map/guad/guad05|map/guad/guad06|map/guad/guad07,,field_token_bridge_candidate
map,map/guad/guad05,guad,guad05,,map/guad/guad05,8,map/guad/guad00|map/guad/guad01|map/guad/guad02|map/guad/guad03|map/guad/guad04|map/guad/guad05|map/guad/guad06|map/guad/guad07,,field_token_bridge_candidate
map,map/guad/guad06,guad,guad06,,map/guad/guad06,8,map/guad/guad00|map/guad/guad01|map/guad/guad02|map/guad/guad03|map/guad/guad04|map/guad/guad05|map/guad/guad06|map/guad/guad07,,field_token_bridge_candidate
map,map/guad/guad07,guad,guad07,,map/guad/guad07,8,map/guad/guad00|map/guad/guad01|map/guad/guad02|map/guad/guad03|map/guad/guad04|map/guad/guad05|map/guad/guad06|map/guad/guad07,,field_token_bridge_candidate
map,map/hdao_settings.bin,hdao_settings.bin,,,,0,,,field_token_bridge_candidate
map,map/hiku/hiku00,hiku,hiku00,,map/hiku/hiku00,20,map/hiku/hiku00|map/hiku/hiku02|map/hiku/hiku05|map/hiku/hiku08|map/hiku/hiku15|map/hiku/hiku16|map/hiku/hiku17|map/hiku/hiku18|map/hiku/hiku19|map/hiku/hiku20|map/hiku/hiku21|map/hiku/hiku22,,field_token_bridge_candidate
map,map/hiku/hiku02,hiku,hiku02,,map/hiku/hiku02,20,map/hiku/hiku00|map/hiku/hiku02|map/hiku/hiku05|map/hiku/hiku08|map/hiku/hiku15|map/hiku/hiku16|map/hiku/hiku17|map/hiku/hiku18|map/hiku/hiku19|map/hiku/hiku20|map/hiku/hiku21|map/hiku/hiku22,,field_token_bridge_candidate
map,map/hiku/hiku05,hiku,hiku05,,map/hiku/hiku05,20,map/hiku/hiku00|map/hiku/hiku02|map/hiku/hiku05|map/hiku/hiku08|map/hiku/hiku15|map/hiku/hiku16|map/hiku/hiku17|map/hiku/hiku18|map/hiku/hiku19|map/hiku/hiku20|map/hiku/hiku21|map/hiku/hiku22,,field_token_bridge_candidate
map,map/hiku/hiku08,hiku,hiku08,,map/hiku/hiku08,20,map/hiku/hiku00|map/hiku/hiku02|map/hiku/hiku05|map/hiku/hiku08|map/hiku/hiku15|map/hiku/hiku16|map/hiku/hiku17|map/hiku/hiku18|map/hiku/hiku19|map/hiku/hiku20|map/hiku/hiku21|map/hiku/hiku22,0x660650:sub_660650|0x661E10:sub_661E10,field_token_bridge_candidate
map,map/hiku/hiku15,hiku,hiku15,,map/hiku/hiku15,20,map/hiku/hiku00|map/hiku/hiku02|map/hiku/hiku05|map/hiku/hiku08|map/hiku/hiku15|map/hiku/hiku16|map/hiku/hiku17|map/hiku/hiku18|map/hiku/hiku19|map/hiku/hiku20|map/hiku/hiku21|map/hiku/hiku22,,field_token_bridge_candidate
map,map/hiku/hiku16,hiku,hiku16,,map/hiku/hiku16,20,map/hiku/hiku00|map/hiku/hiku02|map/hiku/hiku05|map/hiku/hiku08|map/hiku/hiku15|map/hiku/hiku16|map/hiku/hiku17|map/hiku/hiku18|map/hiku/hiku19|map/hiku/hiku20|map/hiku/hiku21|map/hiku/hiku22,0x660650:sub_660650|0x661E10:sub_661E10,field_token_bridge_candidate
map,map/hiku/hiku17,hiku,hiku17,,map/hiku/hiku17,20,map/hiku/hiku00|map/hiku/hiku02|map/hiku/hiku05|map/hiku/hiku08|map/hiku/hiku15|map/hiku/hiku16|map/hiku/hiku17|map/hiku/hiku18|map/hiku/hiku19|map/hiku/hiku20|map/hiku/hiku21|map/hiku/hiku22,,field_token_bridge_candidate
map,map/hiku/hiku18,hiku,hiku18,,map/hiku/hiku18,20,map/hiku/hiku00|map/hiku/hiku02|map/hiku/hiku05|map/hiku/hiku08|map/hiku/hiku15|map/hiku/hiku16|map/hiku/hiku17|map/hiku/hiku18|map/hiku/hiku19|map/hiku/hiku20|map/hiku/hiku21|map/hiku/hiku22,,field_token_bridge_candidate
map,map/hiku/hiku19,hiku,hiku19,,map/hiku/hiku19,20,map/hiku/hiku00|map/hiku/hiku02|map/hiku/hiku05|map/hiku/hiku08|map/hiku/hiku15|map/hiku/hiku16|map/hiku/hiku17|map/hiku/hiku18|map/hiku/hiku19|map/hiku/hiku20|map/hiku/hiku21|map/hiku/hiku22,,field_token_bridge_candidate
map,map/hiku/hiku20,hiku,hiku20,,map/hiku/hiku20,20,map/hiku/hiku00|map/hiku/hiku02|map/hiku/hiku05|map/hiku/hiku08|map/hiku/hiku15|map/hiku/hiku16|map/hiku/hiku17|map/hiku/hiku18|map/hiku/hiku19|map/hiku/hiku20|map/hiku/hiku21|map/hiku/hiku22,,field_token_bridge_candidate
map,map/hiku/hiku21,hiku,hiku21,,map/hiku/hiku21,20,map/hiku/hiku00|map/hiku/hiku02|map/hiku/hiku05|map/hiku/hiku08|map/hiku/hiku15|map/hiku/hiku16|map/hiku/hiku17|map/hiku/hiku18|map/hiku/hiku19|map/hiku/hiku20|map/hiku/hiku21|map/hiku/hiku22,,field_token_bridge_candidate
map,map/hiku/hiku22,hiku,hiku22,,map/hiku/hiku22,20,map/hiku/hiku00|map/hiku/hiku02|map/hiku/hiku05|map/hiku/hiku08|map/hiku/hiku15|map/hiku/hiku16|map/hiku/hiku17|map/hiku/hiku18|map/hiku/hiku19|map/hiku/hiku20|map/hiku/hiku21|map/hiku/hiku22,,field_token_bridge_candidate
map,map/hiku/hiku23,hiku,hiku23,,map/hiku/hiku23,20,map/hiku/hiku00|map/hiku/hiku02|map/hiku/hiku05|map/hiku/hiku08|map/hiku/hiku15|map/hiku/hiku16|map/hiku/hiku17|map/hiku/hiku18|map/hiku/hiku19|map/hiku/hiku20|map/hiku/hiku21|map/hiku/hiku22,,field_token_bridge_candidate
map,map/hiku/hiku24,hiku,hiku24,,map/hiku/hiku24,20,map/hiku/hiku00|map/hiku/hiku02|map/hiku/hiku05|map/hiku/hiku08|map/hiku/hiku15|map/hiku/hiku16|map/hiku/hiku17|map/hiku/hiku18|map/hiku/hiku19|map/hiku/hiku20|map/hiku/hiku21|map/hiku/hiku22,,field_token_bridge_candidate
map,map/hiku/hiku25,hiku,hiku25,,map/hiku/hiku25,20,map/hiku/hiku00|map/hiku/hiku02|map/hiku/hiku05|map/hiku/hiku08|map/hiku/hiku15|map/hiku/hiku16|map/hiku/hiku17|map/hiku/hiku18|map/hiku/hiku19|map/hiku/hiku20|map/hiku/hiku21|map/hiku/hiku22,,field_token_bridge_candidate
map,map/hiku/hiku26,hiku,hiku26,,map/hiku/hiku26,20,map/hiku/hiku00|map/hiku/hiku02|map/hiku/hiku05|map/hiku/hiku08|map/hiku/hiku15|map/hiku/hiku16|map/hiku/hiku17|map/hiku/hiku18|map/hiku/hiku19|map/hiku/hiku20|map/hiku/hiku21|map/hiku/hiku22,,field_token_bridge_candidate
map,map/hiku/hiku27,hiku,hiku27,,map/hiku/hiku27,20,map/hiku/hiku00|map/hiku/hiku02|map/hiku/hiku05|map/hiku/hiku08|map/hiku/hiku15|map/hiku/hiku16|map/hiku/hiku17|map/hiku/hiku18|map/hiku/hiku19|map/hiku/hiku20|map/hiku/hiku21|map/hiku/hiku22,,field_token_bridge_candidate
map,map/hiku/hiku28,hiku,hiku28,,map/hiku/hiku28,20,map/hiku/hiku00|map/hiku/hiku02|map/hiku/hiku05|map/hiku/hiku08|map/hiku/hiku15|map/hiku/hiku16|map/hiku/hiku17|map/hiku/hiku18|map/hiku/hiku19|map/hiku/hiku20|map/hiku/hiku21|map/hiku/hiku22,,field_token_bridge_candidate
map,map/hiku/hiku29,hiku,hiku29,,map/hiku/hiku29,20,map/hiku/hiku00|map/hiku/hiku02|map/hiku/hiku05|map/hiku/hiku08|map/hiku/hiku15|map/hiku/hiku16|map/hiku/hiku17|map/hiku/hiku18|map/hiku/hiku19|map/hiku/hiku20|map/hiku/hiku21|map/hiku/hiku22,,field_token_bridge_candidate
map,map/hiku/hiku30,hiku,hiku30,,map/hiku/hiku30,20,map/hiku/hiku00|map/hiku/hiku02|map/hiku/hiku05|map/hiku/hiku08|map/hiku/hiku15|map/hiku/hiku16|map/hiku/hiku17|map/hiku/hiku18|map/hiku/hiku19|map/hiku/hiku20|map/hiku/hiku21|map/hiku/hiku22,,field_token_bridge_candidate
map,map/ikai/ikai00,ikai,ikai00,,map/ikai/ikai00,5,map/ikai/ikai00|map/ikai/ikai01|map/ikai/ikai06|map/ikai/ikai07|map/ikai/ikai08,,field_token_bridge_candidate
map,map/ikai/ikai01,ikai,ikai01,,map/ikai/ikai01,5,map/ikai/ikai00|map/ikai/ikai01|map/ikai/ikai06|map/ikai/ikai07|map/ikai/ikai08,0x660650:sub_660650,field_token_bridge_candidate
map,map/ikai/ikai06,ikai,ikai06,,map/ikai/ikai06,5,map/ikai/ikai00|map/ikai/ikai01|map/ikai/ikai06|map/ikai/ikai07|map/ikai/ikai08,,field_token_bridge_candidate
map,map/ikai/ikai07,ikai,ikai07,,map/ikai/ikai07,5,map/ikai/ikai00|map/ikai/ikai01|map/ikai/ikai06|map/ikai/ikai07|map/ikai/ikai08,,field_token_bridge_candidate
map,map/ikai/ikai08,ikai,ikai08,,map/ikai/ikai08,5,map/ikai/ikai00|map/ikai/ikai01|map/ikai/ikai06|map/ikai/ikai07|map/ikai/ikai08,,field_token_bridge_candidate
map,map/kami/kami00,kami,kami00,,map/kami/kami00,6,map/kami/kami00|map/kami/kami01|map/kami/kami02|map/kami/kami03|map/kami/kami04|map/kami/kami08,0x660650:sub_660650|0x661E10:sub_661E10|0x715BD0:sub_715BD0,field_token_bridge_candidate
map,map/kami/kami01,kami,kami01,,map/kami/kami01,6,map/kami/kami00|map/kami/kami01|map/kami/kami02|map/kami/kami03|map/kami/kami04|map/kami/kami08,,field_token_bridge_candidate
map,map/kami/kami02,kami,kami02,,map/kami/kami02,6,map/kami/kami00|map/kami/kami01|map/kami/kami02|map/kami/kami03|map/kami/kami04|map/kami/kami08,,field_token_bridge_candidate
map,map/kami/kami03,kami,kami03,,map/kami/kami03,6,map/kami/kami00|map/kami/kami01|map/kami/kami02|map/kami/kami03|map/kami/kami04|map/kami/kami08,0x660650:sub_660650|0x661E10:sub_661E10|0x715BD0:sub_715BD0,field_token_bridge_candidate
map,map/kami/kami04,kami,kami04,,map/kami/kami04,6,map/kami/kami00|map/kami/kami01|map/kami/kami02|map/kami/kami03|map/kami/kami04|map/kami/kami08,,field_token_bridge_candidate
map,map/kami/kami08,kami,kami08,,map/kami/kami08,6,map/kami/kami00|map/kami/kami01|map/kami/kami02|map/kami/kami03|map/kami/kami04|map/kami/kami08,,field_token_bridge_candidate
map,map/kino/kino00,kino,kino00,,map/kino/kino00,10,map/kino/kino00|map/kino/kino01|map/kino/kino02|map/kino/kino03|map/kino/kino04|map/kino/kino05|map/kino/kino06|map/kino/kino07|map/kino/kino08|map/kino/kino09,0x660650:sub_660650|0x661E10:sub_661E10,field_token_bridge_candidate
map,map/kino/kino01,kino,kino01,,map/kino/kino01,10,map/kino/kino00|map/kino/kino01|map/kino/kino02|map/kino/kino03|map/kino/kino04|map/kino/kino05|map/kino/kino06|map/kino/kino07|map/kino/kino08|map/kino/kino09,,field_token_bridge_candidate
map,map/kino/kino02,kino,kino02,,map/kino/kino02,10,map/kino/kino00|map/kino/kino01|map/kino/kino02|map/kino/kino03|map/kino/kino04|map/kino/kino05|map/kino/kino06|map/kino/kino07|map/kino/kino08|map/kino/kino09,,field_token_bridge_candidate
map,map/kino/kino03,kino,kino03,,map/kino/kino03,10,map/kino/kino00|map/kino/kino01|map/kino/kino02|map/kino/kino03|map/kino/kino04|map/kino/kino05|map/kino/kino06|map/kino/kino07|map/kino/kino08|map/kino/kino09,,field_token_bridge_candidate
map,map/kino/kino04,kino,kino04,,map/kino/kino04,10,map/kino/kino00|map/kino/kino01|map/kino/kino02|map/kino/kino03|map/kino/kino04|map/kino/kino05|map/kino/kino06|map/kino/kino07|map/kino/kino08|map/kino/kino09,,field_token_bridge_candidate
map,map/kino/kino05,kino,kino05,,map/kino/kino05,10,map/kino/kino00|map/kino/kino01|map/kino/kino02|map/kino/kino03|map/kino/kino04|map/kino/kino05|map/kino/kino06|map/kino/kino07|map/kino/kino08|map/kino/kino09,,field_token_bridge_candidate
map,map/kino/kino06,kino,kino06,,map/kino/kino06,10,map/kino/kino00|map/kino/kino01|map/kino/kino02|map/kino/kino03|map/kino/kino04|map/kino/kino05|map/kino/kino06|map/kino/kino07|map/kino/kino08|map/kino/kino09,,field_token_bridge_candidate
map,map/kino/kino07,kino,kino07,,map/kino/kino07,10,map/kino/kino00|map/kino/kino01|map/kino/kino02|map/kino/kino03|map/kino/kino04|map/kino/kino05|map/kino/kino06|map/kino/kino07|map/kino/kino08|map/kino/kino09,,field_token_bridge_candidate
map,map/kino/kino08,kino,kino08,,map/kino/kino08,10,map/kino/kino00|map/kino/kino01|map/kino/kino02|map/kino/kino03|map/kino/kino04|map/kino/kino05|map/kino/kino06|map/kino/kino07|map/kino/kino08|map/kino/kino09,,field_token_bridge_candidate
map,map/kino/kino09,kino,kino09,,map/kino/kino09,10,map/kino/kino00|map/kino/kino01|map/kino/kino02|map/kino/kino03|map/kino/kino04|map/kino/kino05|map/kino/kino06|map/kino/kino07|map/kino/kino08|map/kino/kino09,,field_token_bridge_candidate
map,map/klyt/klyt00,klyt,klyt00,,map/klyt/klyt00,11,map/klyt/klyt00|map/klyt/klyt01|map/klyt/klyt02|map/klyt/klyt03|map/klyt/klyt05|map/klyt/klyt06|map/klyt/klyt07|map/klyt/klyt09|map/klyt/klyt10|map/klyt/klyt11|map/klyt/klyt12,0x660650:sub_660650,field_token_bridge_candidate
map,map/klyt/klyt01,klyt,klyt01,,map/klyt/klyt01,11,map/klyt/klyt00|map/klyt/klyt01|map/klyt/klyt02|map/klyt/klyt03|map/klyt/klyt05|map/klyt/klyt06|map/klyt/klyt07|map/klyt/klyt09|map/klyt/klyt10|map/klyt/klyt11|map/klyt/klyt12,,field_token_bridge_candidate
map,map/klyt/klyt02,klyt,klyt02,,map/klyt/klyt02,11,map/klyt/klyt00|map/klyt/klyt01|map/klyt/klyt02|map/klyt/klyt03|map/klyt/klyt05|map/klyt/klyt06|map/klyt/klyt07|map/klyt/klyt09|map/klyt/klyt10|map/klyt/klyt11|map/klyt/klyt12,,field_token_bridge_candidate
map,map/klyt/klyt03,klyt,klyt03,,map/klyt/klyt03,11,map/klyt/klyt00|map/klyt/klyt01|map/klyt/klyt02|map/klyt/klyt03|map/klyt/klyt05|map/klyt/klyt06|map/klyt/klyt07|map/klyt/klyt09|map/klyt/klyt10|map/klyt/klyt11|map/klyt/klyt12,,field_token_bridge_candidate
map,map/klyt/klyt05,klyt,klyt05,,map/klyt/klyt05,11,map/klyt/klyt00|map/klyt/klyt01|map/klyt/klyt02|map/klyt/klyt03|map/klyt/klyt05|map/klyt/klyt06|map/klyt/klyt07|map/klyt/klyt09|map/klyt/klyt10|map/klyt/klyt11|map/klyt/klyt12,,field_token_bridge_candidate
map,map/klyt/klyt06,klyt,klyt06,,map/klyt/klyt06,11,map/klyt/klyt00|map/klyt/klyt01|map/klyt/klyt02|map/klyt/klyt03|map/klyt/klyt05|map/klyt/klyt06|map/klyt/klyt07|map/klyt/klyt09|map/klyt/klyt10|map/klyt/klyt11|map/klyt/klyt12,,field_token_bridge_candidate
map,map/klyt/klyt07,klyt,klyt07,,map/klyt/klyt07,11,map/klyt/klyt00|map/klyt/klyt01|map/klyt/klyt02|map/klyt/klyt03|map/klyt/klyt05|map/klyt/klyt06|map/klyt/klyt07|map/klyt/klyt09|map/klyt/klyt10|map/klyt/klyt11|map/klyt/klyt12,,field_token_bridge_candidate
map,map/klyt/klyt09,klyt,klyt09,,map/klyt/klyt09,11,map/klyt/klyt00|map/klyt/klyt01|map/klyt/klyt02|map/klyt/klyt03|map/klyt/klyt05|map/klyt/klyt06|map/klyt/klyt07|map/klyt/klyt09|map/klyt/klyt10|map/klyt/klyt11|map/klyt/klyt12,,field_token_bridge_candidate
map,map/klyt/klyt10,klyt,klyt10,,map/klyt/klyt10,11,map/klyt/klyt00|map/klyt/klyt01|map/klyt/klyt02|map/klyt/klyt03|map/klyt/klyt05|map/klyt/klyt06|map/klyt/klyt07|map/klyt/klyt09|map/klyt/klyt10|map/klyt/klyt11|map/klyt/klyt12,0x660650:sub_660650,field_token_bridge_candidate
map,map/klyt/klyt11,klyt,klyt11,,map/klyt/klyt11,11,map/klyt/klyt00|map/klyt/klyt01|map/klyt/klyt02|map/klyt/klyt03|map/klyt/klyt05|map/klyt/klyt06|map/klyt/klyt07|map/klyt/klyt09|map/klyt/klyt10|map/klyt/klyt11|map/klyt/klyt12,,field_token_bridge_candidate
map,map/klyt/klyt12,klyt,klyt12,,map/klyt/klyt12,11,map/klyt/klyt00|map/klyt/klyt01|map/klyt/klyt02|map/klyt/klyt03|map/klyt/klyt05|map/klyt/klyt06|map/klyt/klyt07|map/klyt/klyt09|map/klyt/klyt10|map/klyt/klyt11|map/klyt/klyt12,,field_token_bridge_candidate
map,map/lchb/lchb00,lchb,lchb00,,map/lchb/lchb00,17,map/lchb/lchb00|map/lchb/lchb01|map/lchb/lchb02|map/lchb/lchb03|map/lchb/lchb04|map/lchb/lchb05|map/lchb/lchb06|map/lchb/lchb07|map/lchb/lchb08|map/lchb/lchb09|map/lchb/lchb10|map/lchb/lchb11,,field_token_bridge_candidate
map,map/lchb/lchb01,lchb,lchb01,,map/lchb/lchb01,17,map/lchb/lchb00|map/lchb/lchb01|map/lchb/lchb02|map/lchb/lchb03|map/lchb/lchb04|map/lchb/lchb05|map/lchb/lchb06|map/lchb/lchb07|map/lchb/lchb08|map/lchb/lchb09|map/lchb/lchb10|map/lchb/lchb11,,field_token_bridge_candidate
map,map/lchb/lchb02,lchb,lchb02,,map/lchb/lchb02,17,map/lchb/lchb00|map/lchb/lchb01|map/lchb/lchb02|map/lchb/lchb03|map/lchb/lchb04|map/lchb/lchb05|map/lchb/lchb06|map/lchb/lchb07|map/lchb/lchb08|map/lchb/lchb09|map/lchb/lchb10|map/lchb/lchb11,,field_token_bridge_candidate
map,map/lchb/lchb03,lchb,lchb03,,map/lchb/lchb03,17,map/lchb/lchb00|map/lchb/lchb01|map/lchb/lchb02|map/lchb/lchb03|map/lchb/lchb04|map/lchb/lchb05|map/lchb/lchb06|map/lchb/lchb07|map/lchb/lchb08|map/lchb/lchb09|map/lchb/lchb10|map/lchb/lchb11,0x660650:sub_660650,field_token_bridge_candidate
map,map/lchb/lchb04,lchb,lchb04,,map/lchb/lchb04,17,map/lchb/lchb00|map/lchb/lchb01|map/lchb/lchb02|map/lchb/lchb03|map/lchb/lchb04|map/lchb/lchb05|map/lchb/lchb06|map/lchb/lchb07|map/lchb/lchb08|map/lchb/lchb09|map/lchb/lchb10|map/lchb/lchb11,0x66FD10:sub_66FD10,field_token_bridge_candidate
map,map/lchb/lchb05,lchb,lchb05,,map/lchb/lchb05,17,map/lchb/lchb00|map/lchb/lchb01|map/lchb/lchb02|map/lchb/lchb03|map/lchb/lchb04|map/lchb/lchb05|map/lchb/lchb06|map/lchb/lchb07|map/lchb/lchb08|map/lchb/lchb09|map/lchb/lchb10|map/lchb/lchb11,,field_token_bridge_candidate
map,map/lchb/lchb06,lchb,lchb06,,map/lchb/lchb06,17,map/lchb/lchb00|map/lchb/lchb01|map/lchb/lchb02|map/lchb/lchb03|map/lchb/lchb04|map/lchb/lchb05|map/lchb/lchb06|map/lchb/lchb07|map/lchb/lchb08|map/lchb/lchb09|map/lchb/lchb10|map/lchb/lchb11,,field_token_bridge_candidate
map,map/lchb/lchb07,lchb,lchb07,,map/lchb/lchb07,17,map/lchb/lchb00|map/lchb/lchb01|map/lchb/lchb02|map/lchb/lchb03|map/lchb/lchb04|map/lchb/lchb05|map/lchb/lchb06|map/lchb/lchb07|map/lchb/lchb08|map/lchb/lchb09|map/lchb/lchb10|map/lchb/lchb11,,field_token_bridge_candidate
map,map/lchb/lchb08,lchb,lchb08,,map/lchb/lchb08,17,map/lchb/lchb00|map/lchb/lchb01|map/lchb/lchb02|map/lchb/lchb03|map/lchb/lchb04|map/lchb/lchb05|map/lchb/lchb06|map/lchb/lchb07|map/lchb/lchb08|map/lchb/lchb09|map/lchb/lchb10|map/lchb/lchb11,,field_token_bridge_candidate
map,map/lchb/lchb09,lchb,lchb09,,map/lchb/lchb09,17,map/lchb/lchb00|map/lchb/lchb01|map/lchb/lchb02|map/lchb/lchb03|map/lchb/lchb04|map/lchb/lchb05|map/lchb/lchb06|map/lchb/lchb07|map/lchb/lchb08|map/lchb/lchb09|map/lchb/lchb10|map/lchb/lchb11,,field_token_bridge_candidate
map,map/lchb/lchb10,lchb,lchb10,,map/lchb/lchb10,17,map/lchb/lchb00|map/lchb/lchb01|map/lchb/lchb02|map/lchb/lchb03|map/lchb/lchb04|map/lchb/lchb05|map/lchb/lchb06|map/lchb/lchb07|map/lchb/lchb08|map/lchb/lchb09|map/lchb/lchb10|map/lchb/lchb11,,field_token_bridge_candidate
map,map/lchb/lchb11,lchb,lchb11,,map/lchb/lchb11,17,map/lchb/lchb00|map/lchb/lchb01|map/lchb/lchb02|map/lchb/lchb03|map/lchb/lchb04|map/lchb/lchb05|map/lchb/lchb06|map/lchb/lchb07|map/lchb/lchb08|map/lchb/lchb09|map/lchb/lchb10|map/lchb/lchb11,,field_token_bridge_candidate
map,map/lchb/lchb12,lchb,lchb12,,map/lchb/lchb12,17,map/lchb/lchb00|map/lchb/lchb01|map/lchb/lchb02|map/lchb/lchb03|map/lchb/lchb04|map/lchb/lchb05|map/lchb/lchb06|map/lchb/lchb07|map/lchb/lchb08|map/lchb/lchb09|map/lchb/lchb10|map/lchb/lchb11,,field_token_bridge_candidate
map,map/lchb/lchb13,lchb,lchb13,,map/lchb/lchb13,17,map/lchb/lchb00|map/lchb/lchb01|map/lchb/lchb02|map/lchb/lchb03|map/lchb/lchb04|map/lchb/lchb05|map/lchb/lchb06|map/lchb/lchb07|map/lchb/lchb08|map/lchb/lchb09|map/lchb/lchb10|map/lchb/lchb11,,field_token_bridge_candidate
map,map/lchb/lchb14,lchb,lchb14,,map/lchb/lchb14,17,map/lchb/lchb00|map/lchb/lchb01|map/lchb/lchb02|map/lchb/lchb03|map/lchb/lchb04|map/lchb/lchb05|map/lchb/lchb06|map/lchb/lchb07|map/lchb/lchb08|map/lchb/lchb09|map/lchb/lchb10|map/lchb/lchb11,,field_token_bridge_candidate
map,map/lchb/lchb15,lchb,lchb15,,map/lchb/lchb15,17,map/lchb/lchb00|map/lchb/lchb01|map/lchb/lchb02|map/lchb/lchb03|map/lchb/lchb04|map/lchb/lchb05|map/lchb/lchb06|map/lchb/lchb07|map/lchb/lchb08|map/lchb/lchb09|map/lchb/lchb10|map/lchb/lchb11,,field_token_bridge_candidate
map,map/lchb/lchb18,lchb,lchb18,,map/lchb/lchb18,17,map/lchb/lchb00|map/lchb/lchb01|map/lchb/lchb02|map/lchb/lchb03|map/lchb/lchb04|map/lchb/lchb05|map/lchb/lchb06|map/lchb/lchb07|map/lchb/lchb08|map/lchb/lchb09|map/lchb/lchb10|map/lchb/lchb11,0x6E45A0:sub_6E45A0,field_token_bridge_candidate
map,map/lmyt/lmyt00,lmyt,lmyt00,,map/lmyt/lmyt00,3,map/lmyt/lmyt00|map/lmyt/lmyt01|map/lmyt/lmyt02,,field_token_bridge_candidate
map,map/lmyt/lmyt01,lmyt,lmyt01,,map/lmyt/lmyt01,3,map/lmyt/lmyt00|map/lmyt/lmyt01|map/lmyt/lmyt02,,field_token_bridge_candidate
map,map/lmyt/lmyt02,lmyt,lmyt02,,map/lmyt/lmyt02,3,map/lmyt/lmyt00|map/lmyt/lmyt01|map/lmyt/lmyt02,,field_token_bridge_candidate
map,map/luca/luca01,luca,luca01,,map/luca/luca01,4,map/luca/luca01|map/luca/luca04|map/luca/luca06|map/luca/luca08,0x660650:sub_660650|0x661E10:sub_661E10,field_token_bridge_candidate
map,map/luca/luca04,luca,luca04,,map/luca/luca04,4,map/luca/luca01|map/luca/luca04|map/luca/luca06|map/luca/luca08,0x7F8850:sub_7F8850,field_token_bridge_candidate
map,map/luca/luca06,luca,luca06,,map/luca/luca06,4,map/luca/luca01|map/luca/luca04|map/luca/luca06|map/luca/luca08,,field_token_bridge_candidate
map,map/luca/luca08,luca,luca08,,map/luca/luca08,4,map/luca/luca01|map/luca/luca04|map/luca/luca06|map/luca/luca08,0x66FD10:sub_66FD10,field_token_bridge_candidate
map,map/maca/maca00,maca,maca00,,map/maca/maca00,6,map/maca/maca00|map/maca/maca01|map/maca/maca02|map/maca/maca03|map/maca/maca04|map/maca/maca05,,field_token_bridge_candidate
map,map/maca/maca01,maca,maca01,,map/maca/maca01,6,map/maca/maca00|map/maca/maca01|map/maca/maca02|map/maca/maca03|map/maca/maca04|map/maca/maca05,,field_token_bridge_candidate
map,map/maca/maca02,maca,maca02,,map/maca/maca02,6,map/maca/maca00|map/maca/maca01|map/maca/maca02|map/maca/maca03|map/maca/maca04|map/maca/maca05,,field_token_bridge_candidate
map,map/maca/maca03,maca,maca03,,map/maca/maca03,6,map/maca/maca00|map/maca/maca01|map/maca/maca02|map/maca/maca03|map/maca/maca04|map/maca/maca05,0x660650:sub_660650|0x661E10:sub_661E10,field_token_bridge_candidate
map,map/maca/maca04,maca,maca04,,map/maca/maca04,6,map/maca/maca00|map/maca/maca01|map/maca/maca02|map/maca/maca03|map/maca/maca04|map/maca/maca05,,field_token_bridge_candidate
map,map/maca/maca05,maca,maca05,,map/maca/maca05,6,map/maca/maca00|map/maca/maca01|map/maca/maca02|map/maca/maca03|map/maca/maca04|map/maca/maca05,,field_token_bridge_candidate
map,map/mcfr/mcfr00,mcfr,mcfr00,,map/mcfr/mcfr00,14,map/mcfr/mcfr00|map/mcfr/mcfr01|map/mcfr/mcfr02|map/mcfr/mcfr03|map/mcfr/mcfr04|map/mcfr/mcfr05|map/mcfr/mcfr06|map/mcfr/mcfr07|map/mcfr/mcfr08|map/mcfr/mcfr09|map/mcfr/mcfr11|map/mcfr/mcfr12,,field_token_bridge_candidate
map,map/mcfr/mcfr01,mcfr,mcfr01,,map/mcfr/mcfr01,14,map/mcfr/mcfr00|map/mcfr/mcfr01|map/mcfr/mcfr02|map/mcfr/mcfr03|map/mcfr/mcfr04|map/mcfr/mcfr05|map/mcfr/mcfr06|map/mcfr/mcfr07|map/mcfr/mcfr08|map/mcfr/mcfr09|map/mcfr/mcfr11|map/mcfr/mcfr12,,field_token_bridge_candidate
map,map/mcfr/mcfr02,mcfr,mcfr02,,map/mcfr/mcfr02,14,map/mcfr/mcfr00|map/mcfr/mcfr01|map/mcfr/mcfr02|map/mcfr/mcfr03|map/mcfr/mcfr04|map/mcfr/mcfr05|map/mcfr/mcfr06|map/mcfr/mcfr07|map/mcfr/mcfr08|map/mcfr/mcfr09|map/mcfr/mcfr11|map/mcfr/mcfr12,,field_token_bridge_candidate
map,map/mcfr/mcfr03,mcfr,mcfr03,,map/mcfr/mcfr03,14,map/mcfr/mcfr00|map/mcfr/mcfr01|map/mcfr/mcfr02|map/mcfr/mcfr03|map/mcfr/mcfr04|map/mcfr/mcfr05|map/mcfr/mcfr06|map/mcfr/mcfr07|map/mcfr/mcfr08|map/mcfr/mcfr09|map/mcfr/mcfr11|map/mcfr/mcfr12,,field_token_bridge_candidate
map,map/mcfr/mcfr04,mcfr,mcfr04,,map/mcfr/mcfr04,14,map/mcfr/mcfr00|map/mcfr/mcfr01|map/mcfr/mcfr02|map/mcfr/mcfr03|map/mcfr/mcfr04|map/mcfr/mcfr05|map/mcfr/mcfr06|map/mcfr/mcfr07|map/mcfr/mcfr08|map/mcfr/mcfr09|map/mcfr/mcfr11|map/mcfr/mcfr12,0x660650:sub_660650|0x661E10:sub_661E10,field_token_bridge_candidate
map,map/mcfr/mcfr05,mcfr,mcfr05,,map/mcfr/mcfr05,14,map/mcfr/mcfr00|map/mcfr/mcfr01|map/mcfr/mcfr02|map/mcfr/mcfr03|map/mcfr/mcfr04|map/mcfr/mcfr05|map/mcfr/mcfr06|map/mcfr/mcfr07|map/mcfr/mcfr08|map/mcfr/mcfr09|map/mcfr/mcfr11|map/mcfr/mcfr12,,field_token_bridge_candidate
map,map/mcfr/mcfr06,mcfr,mcfr06,,map/mcfr/mcfr06,14,map/mcfr/mcfr00|map/mcfr/mcfr01|map/mcfr/mcfr02|map/mcfr/mcfr03|map/mcfr/mcfr04|map/mcfr/mcfr05|map/mcfr/mcfr06|map/mcfr/mcfr07|map/mcfr/mcfr08|map/mcfr/mcfr09|map/mcfr/mcfr11|map/mcfr/mcfr12,,field_token_bridge_candidate
map,map/mcfr/mcfr07,mcfr,mcfr07,,map/mcfr/mcfr07,14,map/mcfr/mcfr00|map/mcfr/mcfr01|map/mcfr/mcfr02|map/mcfr/mcfr03|map/mcfr/mcfr04|map/mcfr/mcfr05|map/mcfr/mcfr06|map/mcfr/mcfr07|map/mcfr/mcfr08|map/mcfr/mcfr09|map/mcfr/mcfr11|map/mcfr/mcfr12,,field_token_bridge_candidate
map,map/mcfr/mcfr08,mcfr,mcfr08,,map/mcfr/mcfr08,14,map/mcfr/mcfr00|map/mcfr/mcfr01|map/mcfr/mcfr02|map/mcfr/mcfr03|map/mcfr/mcfr04|map/mcfr/mcfr05|map/mcfr/mcfr06|map/mcfr/mcfr07|map/mcfr/mcfr08|map/mcfr/mcfr09|map/mcfr/mcfr11|map/mcfr/mcfr12,,field_token_bridge_candidate
map,map/mcfr/mcfr09,mcfr,mcfr09,,map/mcfr/mcfr09,14,map/mcfr/mcfr00|map/mcfr/mcfr01|map/mcfr/mcfr02|map/mcfr/mcfr03|map/mcfr/mcfr04|map/mcfr/mcfr05|map/mcfr/mcfr06|map/mcfr/mcfr07|map/mcfr/mcfr08|map/mcfr/mcfr09|map/mcfr/mcfr11|map/mcfr/mcfr12,,field_token_bridge_candidate
map,map/mcfr/mcfr11,mcfr,mcfr11,,map/mcfr/mcfr11,14,map/mcfr/mcfr00|map/mcfr/mcfr01|map/mcfr/mcfr02|map/mcfr/mcfr03|map/mcfr/mcfr04|map/mcfr/mcfr05|map/mcfr/mcfr06|map/mcfr/mcfr07|map/mcfr/mcfr08|map/mcfr/mcfr09|map/mcfr/mcfr11|map/mcfr/mcfr12,,field_token_bridge_candidate
map,map/mcfr/mcfr12,mcfr,mcfr12,,map/mcfr/mcfr12,14,map/mcfr/mcfr00|map/mcfr/mcfr01|map/mcfr/mcfr02|map/mcfr/mcfr03|map/mcfr/mcfr04|map/mcfr/mcfr05|map/mcfr/mcfr06|map/mcfr/mcfr07|map/mcfr/mcfr08|map/mcfr/mcfr09|map/mcfr/mcfr11|map/mcfr/mcfr12,0x6E45A0:sub_6E45A0,field_token_bridge_candidate
map,map/mcfr/mcfr13,mcfr,mcfr13,,map/mcfr/mcfr13,14,map/mcfr/mcfr00|map/mcfr/mcfr01|map/mcfr/mcfr02|map/mcfr/mcfr03|map/mcfr/mcfr04|map/mcfr/mcfr05|map/mcfr/mcfr06|map/mcfr/mcfr07|map/mcfr/mcfr08|map/mcfr/mcfr09|map/mcfr/mcfr11|map/mcfr/mcfr12,,field_token_bridge_candidate
map,map/mcfr/mcfr14,mcfr,mcfr14,,map/mcfr/mcfr14,14,map/mcfr/mcfr00|map/mcfr/mcfr01|map/mcfr/mcfr02|map/mcfr/mcfr03|map/mcfr/mcfr04|map/mcfr/mcfr05|map/mcfr/mcfr06|map/mcfr/mcfr07|map/mcfr/mcfr08|map/mcfr/mcfr09|map/mcfr/mcfr11|map/mcfr/mcfr12,0x6E45A0:sub_6E45A0,field_token_bridge_candidate
map,map/mcyt/mcyt00,mcyt,mcyt00,,map/mcyt/mcyt00,7,map/mcyt/mcyt00|map/mcyt/mcyt02|map/mcyt/mcyt03|map/mcyt/mcyt04|map/mcyt/mcyt05|map/mcyt/mcyt06|map/mcyt/mcyt07,,field_token_bridge_candidate
map,map/mcyt/mcyt02,mcyt,mcyt02,,map/mcyt/mcyt02,7,map/mcyt/mcyt00|map/mcyt/mcyt02|map/mcyt/mcyt03|map/mcyt/mcyt04|map/mcyt/mcyt05|map/mcyt/mcyt06|map/mcyt/mcyt07,,field_token_bridge_candidate
map,map/mcyt/mcyt03,mcyt,mcyt03,,map/mcyt/mcyt03,7,map/mcyt/mcyt00|map/mcyt/mcyt02|map/mcyt/mcyt03|map/mcyt/mcyt04|map/mcyt/mcyt05|map/mcyt/mcyt06|map/mcyt/mcyt07,,field_token_bridge_candidate
map,map/mcyt/mcyt04,mcyt,mcyt04,,map/mcyt/mcyt04,7,map/mcyt/mcyt00|map/mcyt/mcyt02|map/mcyt/mcyt03|map/mcyt/mcyt04|map/mcyt/mcyt05|map/mcyt/mcyt06|map/mcyt/mcyt07,,field_token_bridge_candidate
map,map/mcyt/mcyt05,mcyt,mcyt05,,map/mcyt/mcyt05,7,map/mcyt/mcyt00|map/mcyt/mcyt02|map/mcyt/mcyt03|map/mcyt/mcyt04|map/mcyt/mcyt05|map/mcyt/mcyt06|map/mcyt/mcyt07,,field_token_bridge_candidate
map,map/mcyt/mcyt06,mcyt,mcyt06,,map/mcyt/mcyt06,7,map/mcyt/mcyt00|map/mcyt/mcyt02|map/mcyt/mcyt03|map/mcyt/mcyt04|map/mcyt/mcyt05|map/mcyt/mcyt06|map/mcyt/mcyt07,,field_token_bridge_candidate
map,map/mcyt/mcyt07,mcyt,mcyt07,,map/mcyt/mcyt07,7,map/mcyt/mcyt00|map/mcyt/mcyt02|map/mcyt/mcyt03|map/mcyt/mcyt04|map/mcyt/mcyt05|map/mcyt/mcyt06|map/mcyt/mcyt07,,field_token_bridge_candidate
map,map/mihn/mihn00,mihn,mihn00,,map/mihn/mihn00,9,map/mihn/mihn00|map/mihn/mihn01|map/mihn/mihn02|map/mihn/mihn03|map/mihn/mihn04|map/mihn/mihn05|map/mihn/mihn06|map/mihn/mihn07|map/mihn/mihn08,,field_token_bridge_candidate
map,map/mihn/mihn01,mihn,mihn01,,map/mihn/mihn01,9,map/mihn/mihn00|map/mihn/mihn01|map/mihn/mihn02|map/mihn/mihn03|map/mihn/mihn04|map/mihn/mihn05|map/mihn/mihn06|map/mihn/mihn07|map/mihn/mihn08,,field_token_bridge_candidate
map,map/mihn/mihn02,mihn,mihn02,,map/mihn/mihn02,9,map/mihn/mihn00|map/mihn/mihn01|map/mihn/mihn02|map/mihn/mihn03|map/mihn/mihn04|map/mihn/mihn05|map/mihn/mihn06|map/mihn/mihn07|map/mihn/mihn08,,field_token_bridge_candidate
map,map/mihn/mihn03,mihn,mihn03,,map/mihn/mihn03,9,map/mihn/mihn00|map/mihn/mihn01|map/mihn/mihn02|map/mihn/mihn03|map/mihn/mihn04|map/mihn/mihn05|map/mihn/mihn06|map/mihn/mihn07|map/mihn/mihn08,,field_token_bridge_candidate
map,map/mihn/mihn04,mihn,mihn04,,map/mihn/mihn04,9,map/mihn/mihn00|map/mihn/mihn01|map/mihn/mihn02|map/mihn/mihn03|map/mihn/mihn04|map/mihn/mihn05|map/mihn/mihn06|map/mihn/mihn07|map/mihn/mihn08,,field_token_bridge_candidate
map,map/mihn/mihn05,mihn,mihn05,,map/mihn/mihn05,9,map/mihn/mihn00|map/mihn/mihn01|map/mihn/mihn02|map/mihn/mihn03|map/mihn/mihn04|map/mihn/mihn05|map/mihn/mihn06|map/mihn/mihn07|map/mihn/mihn08,,field_token_bridge_candidate
map,map/mihn/mihn06,mihn,mihn06,,map/mihn/mihn06,9,map/mihn/mihn00|map/mihn/mihn01|map/mihn/mihn02|map/mihn/mihn03|map/mihn/mihn04|map/mihn/mihn05|map/mihn/mihn06|map/mihn/mihn07|map/mihn/mihn08,,field_token_bridge_candidate
map,map/mihn/mihn07,mihn,mihn07,,map/mihn/mihn07,9,map/mihn/mihn00|map/mihn/mihn01|map/mihn/mihn02|map/mihn/mihn03|map/mihn/mihn04|map/mihn/mihn05|map/mihn/mihn06|map/mihn/mihn07|map/mihn/mihn08,,field_token_bridge_candidate
map,map/mihn/mihn08,mihn,mihn08,,map/mihn/mihn08,9,map/mihn/mihn00|map/mihn/mihn01|map/mihn/mihn02|map/mihn/mihn03|map/mihn/mihn04|map/mihn/mihn05|map/mihn/mihn06|map/mihn/mihn07|map/mihn/mihn08,,field_token_bridge_candidate
map,map/mmmc/mmmc00,mmmc,mmmc00,,map/mmmc/mmmc00,1,map/mmmc/mmmc00,,field_token_bridge_candidate
map,map/msmm/msmm00,msmm,msmm00,,map/msmm/msmm00,1,map/msmm/msmm00,,field_token_bridge_candidate
map,map/mtgz/mtgz00,mtgz,mtgz00,,map/mtgz/mtgz00,10,map/mtgz/mtgz00|map/mtgz/mtgz01|map/mtgz/mtgz02|map/mtgz/mtgz03|map/mtgz/mtgz06|map/mtgz/mtgz07|map/mtgz/mtgz08|map/mtgz/mtgz09|map/mtgz/mtgz10|map/mtgz/mtgz11,,field_token_bridge_candidate
map,map/mtgz/mtgz01,mtgz,mtgz01,,map/mtgz/mtgz01,10,map/mtgz/mtgz00|map/mtgz/mtgz01|map/mtgz/mtgz02|map/mtgz/mtgz03|map/mtgz/mtgz06|map/mtgz/mtgz07|map/mtgz/mtgz08|map/mtgz/mtgz09|map/mtgz/mtgz10|map/mtgz/mtgz11,,field_token_bridge_candidate
map,map/mtgz/mtgz02,mtgz,mtgz02,,map/mtgz/mtgz02,10,map/mtgz/mtgz00|map/mtgz/mtgz01|map/mtgz/mtgz02|map/mtgz/mtgz03|map/mtgz/mtgz06|map/mtgz/mtgz07|map/mtgz/mtgz08|map/mtgz/mtgz09|map/mtgz/mtgz10|map/mtgz/mtgz11,,field_token_bridge_candidate
map,map/mtgz/mtgz03,mtgz,mtgz03,,map/mtgz/mtgz03,10,map/mtgz/mtgz00|map/mtgz/mtgz01|map/mtgz/mtgz02|map/mtgz/mtgz03|map/mtgz/mtgz06|map/mtgz/mtgz07|map/mtgz/mtgz08|map/mtgz/mtgz09|map/mtgz/mtgz10|map/mtgz/mtgz11,,field_token_bridge_candidate
map,map/mtgz/mtgz06,mtgz,mtgz06,,map/mtgz/mtgz06,10,map/mtgz/mtgz00|map/mtgz/mtgz01|map/mtgz/mtgz02|map/mtgz/mtgz03|map/mtgz/mtgz06|map/mtgz/mtgz07|map/mtgz/mtgz08|map/mtgz/mtgz09|map/mtgz/mtgz10|map/mtgz/mtgz11,,field_token_bridge_candidate
map,map/mtgz/mtgz07,mtgz,mtgz07,,map/mtgz/mtgz07,10,map/mtgz/mtgz00|map/mtgz/mtgz01|map/mtgz/mtgz02|map/mtgz/mtgz03|map/mtgz/mtgz06|map/mtgz/mtgz07|map/mtgz/mtgz08|map/mtgz/mtgz09|map/mtgz/mtgz10|map/mtgz/mtgz11,,field_token_bridge_candidate
map,map/mtgz/mtgz08,mtgz,mtgz08,,map/mtgz/mtgz08,10,map/mtgz/mtgz00|map/mtgz/mtgz01|map/mtgz/mtgz02|map/mtgz/mtgz03|map/mtgz/mtgz06|map/mtgz/mtgz07|map/mtgz/mtgz08|map/mtgz/mtgz09|map/mtgz/mtgz10|map/mtgz/mtgz11,,field_token_bridge_candidate
map,map/mtgz/mtgz09,mtgz,mtgz09,,map/mtgz/mtgz09,10,map/mtgz/mtgz00|map/mtgz/mtgz01|map/mtgz/mtgz02|map/mtgz/mtgz03|map/mtgz/mtgz06|map/mtgz/mtgz07|map/mtgz/mtgz08|map/mtgz/mtgz09|map/mtgz/mtgz10|map/mtgz/mtgz11,,field_token_bridge_candidate
map,map/mtgz/mtgz10,mtgz,mtgz10,,map/mtgz/mtgz10,10,map/mtgz/mtgz00|map/mtgz/mtgz01|map/mtgz/mtgz02|map/mtgz/mtgz03|map/mtgz/mtgz06|map/mtgz/mtgz07|map/mtgz/mtgz08|map/mtgz/mtgz09|map/mtgz/mtgz10|map/mtgz/mtgz11,,field_token_bridge_candidate
map,map/mtgz/mtgz11,mtgz,mtgz11,,map/mtgz/mtgz11,10,map/mtgz/mtgz00|map/mtgz/mtgz01|map/mtgz/mtgz02|map/mtgz/mtgz03|map/mtgz/mtgz06|map/mtgz/mtgz07|map/mtgz/mtgz08|map/mtgz/mtgz09|map/mtgz/mtgz10|map/mtgz/mtgz11,,field_token_bridge_candidate
map,map/nagi/nagi00,nagi,nagi00,,map/nagi/nagi00,6,map/nagi/nagi00|map/nagi/nagi01|map/nagi/nagi04|map/nagi/nagi05|map/nagi/nagi06|map/nagi/nagi07,,field_token_bridge_candidate
map,map/nagi/nagi01,nagi,nagi01,,map/nagi/nagi01,6,map/nagi/nagi00|map/nagi/nagi01|map/nagi/nagi04|map/nagi/nagi05|map/nagi/nagi06|map/nagi/nagi07,,field_token_bridge_candidate
map,map/nagi/nagi04,nagi,nagi04,,map/nagi/nagi04,6,map/nagi/nagi00|map/nagi/nagi01|map/nagi/nagi04|map/nagi/nagi05|map/nagi/nagi06|map/nagi/nagi07,,field_token_bridge_candidate
map,map/nagi/nagi05,nagi,nagi05,,map/nagi/nagi05,6,map/nagi/nagi00|map/nagi/nagi01|map/nagi/nagi04|map/nagi/nagi05|map/nagi/nagi06|map/nagi/nagi07,,field_token_bridge_candidate
map,map/nagi/nagi06,nagi,nagi06,,map/nagi/nagi06,6,map/nagi/nagi00|map/nagi/nagi01|map/nagi/nagi04|map/nagi/nagi05|map/nagi/nagi06|map/nagi/nagi07,,field_token_bridge_candidate
map,map/nagi/nagi07,nagi,nagi07,,map/nagi/nagi07,6,map/nagi/nagi00|map/nagi/nagi01|map/nagi/nagi04|map/nagi/nagi05|map/nagi/nagi06|map/nagi/nagi07,,field_token_bridge_candidate
map,map/omeg/omeg00,omeg,omeg00,,map/omeg/omeg00,2,map/omeg/omeg00|map/omeg/omeg01,,field_token_bridge_candidate
map,map/omeg/omeg01,omeg,omeg01,,map/omeg/omeg01,2,map/omeg/omeg00|map/omeg/omeg01,,field_token_bridge_candidate
map,map/ptkl/ptkl00,ptkl,ptkl00,,map/ptkl/ptkl00,11,map/ptkl/ptkl00|map/ptkl/ptkl01|map/ptkl/ptkl02|map/ptkl/ptkl06|map/ptkl/ptkl08|map/ptkl/ptkl10|map/ptkl/ptkl13|map/ptkl/ptkl14|map/ptkl/ptkl16|map/ptkl/ptkl17|map/ptkl/ptkl18,,field_token_bridge_candidate
map,map/ptkl/ptkl01,ptkl,ptkl01,,map/ptkl/ptkl01,11,map/ptkl/ptkl00|map/ptkl/ptkl01|map/ptkl/ptkl02|map/ptkl/ptkl06|map/ptkl/ptkl08|map/ptkl/ptkl10|map/ptkl/ptkl13|map/ptkl/ptkl14|map/ptkl/ptkl16|map/ptkl/ptkl17|map/ptkl/ptkl18,0x660650:sub_660650,field_token_bridge_candidate
map,map/ptkl/ptkl02,ptkl,ptkl02,,map/ptkl/ptkl02,11,map/ptkl/ptkl00|map/ptkl/ptkl01|map/ptkl/ptkl02|map/ptkl/ptkl06|map/ptkl/ptkl08|map/ptkl/ptkl10|map/ptkl/ptkl13|map/ptkl/ptkl14|map/ptkl/ptkl16|map/ptkl/ptkl17|map/ptkl/ptkl18,,field_token_bridge_candidate
map,map/ptkl/ptkl06,ptkl,ptkl06,,map/ptkl/ptkl06,11,map/ptkl/ptkl00|map/ptkl/ptkl01|map/ptkl/ptkl02|map/ptkl/ptkl06|map/ptkl/ptkl08|map/ptkl/ptkl10|map/ptkl/ptkl13|map/ptkl/ptkl14|map/ptkl/ptkl16|map/ptkl/ptkl17|map/ptkl/ptkl18,,field_token_bridge_candidate
map,map/ptkl/ptkl08,ptkl,ptkl08,,map/ptkl/ptkl08,11,map/ptkl/ptkl00|map/ptkl/ptkl01|map/ptkl/ptkl02|map/ptkl/ptkl06|map/ptkl/ptkl08|map/ptkl/ptkl10|map/ptkl/ptkl13|map/ptkl/ptkl14|map/ptkl/ptkl16|map/ptkl/ptkl17|map/ptkl/ptkl18,,field_token_bridge_candidate
map,map/ptkl/ptkl10,ptkl,ptkl10,,map/ptkl/ptkl10,11,map/ptkl/ptkl00|map/ptkl/ptkl01|map/ptkl/ptkl02|map/ptkl/ptkl06|map/ptkl/ptkl08|map/ptkl/ptkl10|map/ptkl/ptkl13|map/ptkl/ptkl14|map/ptkl/ptkl16|map/ptkl/ptkl17|map/ptkl/ptkl18,,field_token_bridge_candidate
map,map/ptkl/ptkl13,ptkl,ptkl13,,map/ptkl/ptkl13,11,map/ptkl/ptkl00|map/ptkl/ptkl01|map/ptkl/ptkl02|map/ptkl/ptkl06|map/ptkl/ptkl08|map/ptkl/ptkl10|map/ptkl/ptkl13|map/ptkl/ptkl14|map/ptkl/ptkl16|map/ptkl/ptkl17|map/ptkl/ptkl18,,field_token_bridge_candidate
map,map/ptkl/ptkl14,ptkl,ptkl14,,map/ptkl/ptkl14,11,map/ptkl/ptkl00|map/ptkl/ptkl01|map/ptkl/ptkl02|map/ptkl/ptkl06|map/ptkl/ptkl08|map/ptkl/ptkl10|map/ptkl/ptkl13|map/ptkl/ptkl14|map/ptkl/ptkl16|map/ptkl/ptkl17|map/ptkl/ptkl18,,field_token_bridge_candidate
map,map/ptkl/ptkl16,ptkl,ptkl16,,map/ptkl/ptkl16,11,map/ptkl/ptkl00|map/ptkl/ptkl01|map/ptkl/ptkl02|map/ptkl/ptkl06|map/ptkl/ptkl08|map/ptkl/ptkl10|map/ptkl/ptkl13|map/ptkl/ptkl14|map/ptkl/ptkl16|map/ptkl/ptkl17|map/ptkl/ptkl18,,field_token_bridge_candidate
map,map/ptkl/ptkl17,ptkl,ptkl17,,map/ptkl/ptkl17,11,map/ptkl/ptkl00|map/ptkl/ptkl01|map/ptkl/ptkl02|map/ptkl/ptkl06|map/ptkl/ptkl08|map/ptkl/ptkl10|map/ptkl/ptkl13|map/ptkl/ptkl14|map/ptkl/ptkl16|map/ptkl/ptkl17|map/ptkl/ptkl18,,field_token_bridge_candidate
map,map/ptkl/ptkl18,ptkl,ptkl18,,map/ptkl/ptkl18,11,map/ptkl/ptkl00|map/ptkl/ptkl01|map/ptkl/ptkl02|map/ptkl/ptkl06|map/ptkl/ptkl08|map/ptkl/ptkl10|map/ptkl/ptkl13|map/ptkl/ptkl14|map/ptkl/ptkl16|map/ptkl/ptkl17|map/ptkl/ptkl18,,field_token_bridge_candidate
map,map/sins/sins00,sins,sins00,,map/sins/sins00,8,map/sins/sins00|map/sins/sins02|map/sins/sins03|map/sins/sins04|map/sins/sins05|map/sins/sins06|map/sins/sins07|map/sins/sins09,,field_token_bridge_candidate
map,map/sins/sins02,sins,sins02,,map/sins/sins02,8,map/sins/sins00|map/sins/sins02|map/sins/sins03|map/sins/sins04|map/sins/sins05|map/sins/sins06|map/sins/sins07|map/sins/sins09,0x660650:sub_660650|0x661E10:sub_661E10|0x715BD0:sub_715BD0,field_token_bridge_candidate
map,map/sins/sins03,sins,sins03,,map/sins/sins03,8,map/sins/sins00|map/sins/sins02|map/sins/sins03|map/sins/sins04|map/sins/sins05|map/sins/sins06|map/sins/sins07|map/sins/sins09,,field_token_bridge_candidate
map,map/sins/sins04,sins,sins04,,map/sins/sins04,8,map/sins/sins00|map/sins/sins02|map/sins/sins03|map/sins/sins04|map/sins/sins05|map/sins/sins06|map/sins/sins07|map/sins/sins09,0x660650:sub_660650,field_token_bridge_candidate
map,map/sins/sins05,sins,sins05,,map/sins/sins05,8,map/sins/sins00|map/sins/sins02|map/sins/sins03|map/sins/sins04|map/sins/sins05|map/sins/sins06|map/sins/sins07|map/sins/sins09,0x660650:sub_660650|0x874BE0:sub_874BE0,field_token_bridge_candidate
map,map/sins/sins06,sins,sins06,,map/sins/sins06,8,map/sins/sins00|map/sins/sins02|map/sins/sins03|map/sins/sins04|map/sins/sins05|map/sins/sins06|map/sins/sins07|map/sins/sins09,,field_token_bridge_candidate
map,map/sins/sins07,sins,sins07,,map/sins/sins07,8,map/sins/sins00|map/sins/sins02|map/sins/sins03|map/sins/sins04|map/sins/sins05|map/sins/sins06|map/sins/sins07|map/sins/sins09,,field_token_bridge_candidate
map,map/sins/sins09,sins,sins09,,map/sins/sins09,8,map/sins/sins00|map/sins/sins02|map/sins/sins03|map/sins/sins04|map/sins/sins05|map/sins/sins06|map/sins/sins07|map/sins/sins09,,field_token_bridge_candidate
map,map/slik/slik00,slik,slik00,,map/slik/slik00,8,map/slik/slik00|map/slik/slik02|map/slik/slik03|map/slik/slik04|map/slik/slik07|map/slik/slik08|map/slik/slik10|map/slik/slik11,,field_token_bridge_candidate
map,map/slik/slik02,slik,slik02,,map/slik/slik02,8,map/slik/slik00|map/slik/slik02|map/slik/slik03|map/slik/slik04|map/slik/slik07|map/slik/slik08|map/slik/slik10|map/slik/slik11,,field_token_bridge_candidate
map,map/slik/slik03,slik,slik03,,map/slik/slik03,8,map/slik/slik00|map/slik/slik02|map/slik/slik03|map/slik/slik04|map/slik/slik07|map/slik/slik08|map/slik/slik10|map/slik/slik11,,field_token_bridge_candidate
map,map/slik/slik04,slik,slik04,,map/slik/slik04,8,map/slik/slik00|map/slik/slik02|map/slik/slik03|map/slik/slik04|map/slik/slik07|map/slik/slik08|map/slik/slik10|map/slik/slik11,,field_token_bridge_candidate
map,map/slik/slik07,slik,slik07,,map/slik/slik07,8,map/slik/slik00|map/slik/slik02|map/slik/slik03|map/slik/slik04|map/slik/slik07|map/slik/slik08|map/slik/slik10|map/slik/slik11,,field_token_bridge_candidate
map,map/slik/slik08,slik,slik08,,map/slik/slik08,8,map/slik/slik00|map/slik/slik02|map/slik/slik03|map/slik/slik04|map/slik/slik07|map/slik/slik08|map/slik/slik10|map/slik/slik11,,field_token_bridge_candidate
map,map/slik/slik10,slik,slik10,,map/slik/slik10,8,map/slik/slik00|map/slik/slik02|map/slik/slik03|map/slik/slik04|map/slik/slik07|map/slik/slik08|map/slik/slik10|map/slik/slik11,,field_token_bridge_candidate
map,map/slik/slik11,slik,slik11,,map/slik/slik11,8,map/slik/slik00|map/slik/slik02|map/slik/slik03|map/slik/slik04|map/slik/slik07|map/slik/slik08|map/slik/slik10|map/slik/slik11,,field_token_bridge_candidate
map,map/ssbt/ssbt00,ssbt,ssbt00,,map/ssbt/ssbt00,4,map/ssbt/ssbt00|map/ssbt/ssbt01|map/ssbt/ssbt02|map/ssbt/ssbt03,,field_token_bridge_candidate
map,map/ssbt/ssbt01,ssbt,ssbt01,,map/ssbt/ssbt01,4,map/ssbt/ssbt00|map/ssbt/ssbt01|map/ssbt/ssbt02|map/ssbt/ssbt03,,field_token_bridge_candidate
map,map/ssbt/ssbt02,ssbt,ssbt02,,map/ssbt/ssbt02,4,map/ssbt/ssbt00|map/ssbt/ssbt01|map/ssbt/ssbt02|map/ssbt/ssbt03,,field_token_bridge_candidate
map,map/ssbt/ssbt03,ssbt,ssbt03,,map/ssbt/ssbt03,4,map/ssbt/ssbt00|map/ssbt/ssbt01|map/ssbt/ssbt02|map/ssbt/ssbt03,,field_token_bridge_candidate
map,map/stbv/stbv00,stbv,stbv00,,map/stbv/stbv00,3,map/stbv/stbv00|map/stbv/stbv01|map/stbv/stbv04,,field_token_bridge_candidate
map,map/stbv/stbv01,stbv,stbv01,,map/stbv/stbv01,3,map/stbv/stbv00|map/stbv/stbv01|map/stbv/stbv04,,field_token_bridge_candidate
map,map/stbv/stbv04,stbv,stbv04,,map/stbv/stbv04,3,map/stbv/stbv00|map/stbv/stbv01|map/stbv/stbv04,,field_token_bridge_candidate
map,map/swin/swin00,swin,swin00,,map/swin/swin00,7,map/swin/swin00|map/swin/swin02|map/swin/swin03|map/swin/swin04|map/swin/swin07|map/swin/swin08|map/swin/swin09,0x660650:sub_660650|0x661E10:sub_661E10|0x715BD0:sub_715BD0,field_token_bridge_candidate
map,map/swin/swin02,swin,swin02,,map/swin/swin02,7,map/swin/swin00|map/swin/swin02|map/swin/swin03|map/swin/swin04|map/swin/swin07|map/swin/swin08|map/swin/swin09,0x660650:sub_660650|0x661E10:sub_661E10|0x715BD0:sub_715BD0,field_token_bridge_candidate
map,map/swin/swin03,swin,swin03,,map/swin/swin03,7,map/swin/swin00|map/swin/swin02|map/swin/swin03|map/swin/swin04|map/swin/swin07|map/swin/swin08|map/swin/swin09,,field_token_bridge_candidate
map,map/swin/swin04,swin,swin04,,map/swin/swin04,7,map/swin/swin00|map/swin/swin02|map/swin/swin03|map/swin/swin04|map/swin/swin07|map/swin/swin08|map/swin/swin09,,field_token_bridge_candidate
map,map/swin/swin07,swin,swin07,,map/swin/swin07,7,map/swin/swin00|map/swin/swin02|map/swin/swin03|map/swin/swin04|map/swin/swin07|map/swin/swin08|map/swin/swin09,,field_token_bridge_candidate
map,map/swin/swin08,swin,swin08,,map/swin/swin08,7,map/swin/swin00|map/swin/swin02|map/swin/swin03|map/swin/swin04|map/swin/swin07|map/swin/swin08|map/swin/swin09,,field_token_bridge_candidate
map,map/swin/swin09,swin,swin09,,map/swin/swin09,7,map/swin/swin00|map/swin/swin02|map/swin/swin03|map/swin/swin04|map/swin/swin07|map/swin/swin08|map/swin/swin09,,field_token_bridge_candidate
map,map/titl/titl00,titl,titl00,,map/titl/titl00,3,map/titl/titl00|map/titl/titl01|map/titl/titl02,0x65B740:sub_65B740,field_token_bridge_candidate
map,map/titl/titl01,titl,titl01,,map/titl/titl01,3,map/titl/titl00|map/titl/titl01|map/titl/titl02,0x65B740:sub_65B740,field_token_bridge_candidate
map,map/titl/titl02,titl,titl02,,map/titl/titl02,3,map/titl/titl00|map/titl/titl01|map/titl/titl02,,field_token_bridge_candidate
map,map/zkrn/zkrn00,zkrn,zkrn00,,map/zkrn/zkrn00,5,map/zkrn/zkrn00|map/zkrn/zkrn01|map/zkrn/zkrn02|map/zkrn/zkrn03|map/zkrn/zkrn06,0x660650:sub_660650|0x661E10:sub_661E10,field_token_bridge_candidate
map,map/zkrn/zkrn01,zkrn,zkrn01,,map/zkrn/zkrn01,5,map/zkrn/zkrn00|map/zkrn/zkrn01|map/zkrn/zkrn02|map/zkrn/zkrn03|map/zkrn/zkrn06,0x660650:sub_660650|0x661E10:sub_661E10,field_token_bridge_candidate
map,map/zkrn/zkrn02,zkrn,zkrn02,,map/zkrn/zkrn02,5,map/zkrn/zkrn00|map/zkrn/zkrn01|map/zkrn/zkrn02|map/zkrn/zkrn03|map/zkrn/zkrn06,,field_token_bridge_candidate
map,map/zkrn/zkrn03,zkrn,zkrn03,,map/zkrn/zkrn03,5,map/zkrn/zkrn00|map/zkrn/zkrn01|map/zkrn/zkrn02|map/zkrn/zkrn03|map/zkrn/zkrn06,,field_token_bridge_candidate
map,map/zkrn/zkrn06,zkrn,zkrn06,,map/zkrn/zkrn06,5,map/zkrn/zkrn00|map/zkrn/zkrn01|map/zkrn/zkrn02|map/zkrn/zkrn03|map/zkrn/zkrn06,,field_token_bridge_candidate
map,map/znkd/znkd00,znkd,znkd00,,map/znkd/znkd00,12,map/znkd/znkd00|map/znkd/znkd03|map/znkd/znkd04|map/znkd/znkd05|map/znkd/znkd06|map/znkd/znkd07|map/znkd/znkd08|map/znkd/znkd09|map/znkd/znkd10|map/znkd/znkd12|map/znkd/znkd13|map/znkd/znkd14,,field_token_bridge_candidate
map,map/znkd/znkd03,znkd,znkd03,,map/znkd/znkd03,12,map/znkd/znkd00|map/znkd/znkd03|map/znkd/znkd04|map/znkd/znkd05|map/znkd/znkd06|map/znkd/znkd07|map/znkd/znkd08|map/znkd/znkd09|map/znkd/znkd10|map/znkd/znkd12|map/znkd/znkd13|map/znkd/znkd14,,field_token_bridge_candidate
map,map/znkd/znkd04,znkd,znkd04,,map/znkd/znkd04,12,map/znkd/znkd00|map/znkd/znkd03|map/znkd/znkd04|map/znkd/znkd05|map/znkd/znkd06|map/znkd/znkd07|map/znkd/znkd08|map/znkd/znkd09|map/znkd/znkd10|map/znkd/znkd12|map/znkd/znkd13|map/znkd/znkd14,,field_token_bridge_candidate
map,map/znkd/znkd05,znkd,znkd05,,map/znkd/znkd05,12,map/znkd/znkd00|map/znkd/znkd03|map/znkd/znkd04|map/znkd/znkd05|map/znkd/znkd06|map/znkd/znkd07|map/znkd/znkd08|map/znkd/znkd09|map/znkd/znkd10|map/znkd/znkd12|map/znkd/znkd13|map/znkd/znkd14,,field_token_bridge_candidate
map,map/znkd/znkd06,znkd,znkd06,,map/znkd/znkd06,12,map/znkd/znkd00|map/znkd/znkd03|map/znkd/znkd04|map/znkd/znkd05|map/znkd/znkd06|map/znkd/znkd07|map/znkd/znkd08|map/znkd/znkd09|map/znkd/znkd10|map/znkd/znkd12|map/znkd/znkd13|map/znkd/znkd14,0x660650:sub_660650|0x661E10:sub_661E10,field_token_bridge_candidate
map,map/znkd/znkd07,znkd,znkd07,,map/znkd/znkd07,12,map/znkd/znkd00|map/znkd/znkd03|map/znkd/znkd04|map/znkd/znkd05|map/znkd/znkd06|map/znkd/znkd07|map/znkd/znkd08|map/znkd/znkd09|map/znkd/znkd10|map/znkd/znkd12|map/znkd/znkd13|map/znkd/znkd14,,field_token_bridge_candidate
map,map/znkd/znkd08,znkd,znkd08,,map/znkd/znkd08,12,map/znkd/znkd00|map/znkd/znkd03|map/znkd/znkd04|map/znkd/znkd05|map/znkd/znkd06|map/znkd/znkd07|map/znkd/znkd08|map/znkd/znkd09|map/znkd/znkd10|map/znkd/znkd12|map/znkd/znkd13|map/znkd/znkd14,,field_token_bridge_candidate
map,map/znkd/znkd09,znkd,znkd09,,map/znkd/znkd09,12,map/znkd/znkd00|map/znkd/znkd03|map/znkd/znkd04|map/znkd/znkd05|map/znkd/znkd06|map/znkd/znkd07|map/znkd/znkd08|map/znkd/znkd09|map/znkd/znkd10|map/znkd/znkd12|map/znkd/znkd13|map/znkd/znkd14,,field_token_bridge_candidate
map,map/znkd/znkd10,znkd,znkd10,,map/znkd/znkd10,12,map/znkd/znkd00|map/znkd/znkd03|map/znkd/znkd04|map/znkd/znkd05|map/znkd/znkd06|map/znkd/znkd07|map/znkd/znkd08|map/znkd/znkd09|map/znkd/znkd10|map/znkd/znkd12|map/znkd/znkd13|map/znkd/znkd14,,field_token_bridge_candidate
map,map/znkd/znkd12,znkd,znkd12,,map/znkd/znkd12,12,map/znkd/znkd00|map/znkd/znkd03|map/znkd/znkd04|map/znkd/znkd05|map/znkd/znkd06|map/znkd/znkd07|map/znkd/znkd08|map/znkd/znkd09|map/znkd/znkd10|map/znkd/znkd12|map/znkd/znkd13|map/znkd/znkd14,0x65CD70:sub_65CD70|0x65D010:sub_65D010,field_token_bridge_candidate
map,map/znkd/znkd13,znkd,znkd13,,map/znkd/znkd13,12,map/znkd/znkd00|map/znkd/znkd03|map/znkd/znkd04|map/znkd/znkd05|map/znkd/znkd06|map/znkd/znkd07|map/znkd/znkd08|map/znkd/znkd09|map/znkd/znkd10|map/znkd/znkd12|map/znkd/znkd13|map/znkd/znkd14,,field_token_bridge_candidate
map,map/znkd/znkd14,znkd,znkd14,,map/znkd/znkd14,12,map/znkd/znkd00|map/znkd/znkd03|map/znkd/znkd04|map/znkd/znkd05|map/znkd/znkd06|map/znkd/znkd07|map/znkd/znkd08|map/znkd/znkd09|map/znkd/znkd10|map/znkd/znkd12|map/znkd/znkd13|map/znkd/znkd14,0x6A6FE0:sub_6A6FE0|0x6AA7A0:sub_6AA7A0,field_token_bridge_candidate
map,map/zzzz/zzzz03,zzzz,zzzz03,,map/zzzz/zzzz03,1,map/zzzz/zzzz03,,field_token_bridge_candidate
